sample_id,basalt,carbonate,chloride,iron_oxide,oxalate,oxychlorine,phyllosilicate,silicate,sulfate,sulfide
S0766,0.007290824,0.2081531,0.32195315,0.012818432,0.0011119456,0.01300346,0.011928913,0.1990687,0.22204529,0.020629348
S0767,0.027505055,0.053703044,0.008377256,0.030328268,0.0007916926,0.019241497,0.008971266,0.10932718,0.024981301,0.0040800576
S0768,0.15407105,0.011485616,0.01911635,0.1252036,0.0006598897,0.0212413,0.018256268,0.15515342,0.02600711,0.0014590292
S0769,0.0033617811,0.032914586,0.048568897,0.07007066,0.0029736455,0.01832752,0.022177303,0.00385603,0.4566654,0.0031270122
S0770,0.0076781088,0.012831406,0.009500249,0.30433825,0.0033727507,0.02525263,0.32412407,0.025106987,0.09672408,0.002520393
S0771,0.11266923,0.05865696,0.0089713475,0.04557615,0.0006965824,0.017186195,0.026536992,0.2409841,0.25855604,0.0022041176
S0772,0.0328123,0.10911403,0.12814973,0.41490117,0.0011394059,0.056230325,0.20156236,0.042677708,0.06460316,0.0025397434
S0773,0.007912301,0.017757561,0.05659466,0.061227914,0.0007659573,0.012650736,0.013621662,0.11536005,0.052514188,0.0037158753
S0774,0.01407458,0.01584661,0.0037739035,0.05109803,0.000835708,0.0143273575,0.013329969,0.26081237,0.02750361,0.004905273
S0775,0.035198674,0.06719198,0.05175238,0.25455576,0.0015343766,0.043709565,0.4198239,0.016753945,0.21159424,0.0041224216
S0776,0.070977286,0.008119323,0.08839213,0.040934928,0.0007256129,0.040685732,0.011544701,0.2051219,0.041955307,0.0012709547
S0777,0.0040175887,0.0069056167,0.781736,0.041100726,0.0007213362,0.01877664,0.035008803,0.123009786,0.010776431,0.010475776
S0778,0.20085071,0.081676394,0.016785262,0.4859275,0.0006965824,0.018154152,0.020898666,0.11881908,0.4179579,0.0021691136
S0779,0.03818641,0.054773472,0.013916918,0.28296143,0.002858708,0.07019187,0.048935063,0.4807826,0.20189986,0.00489916
S0780,0.01602663,0.016169127,0.021015473,0.029693034,0.0021802918,0.03815901,0.27376598,0.0073929857,0.12454976,0.0025935378
S0781,0.009261728,0.04994499,0.0111034,0.041094262,0.0012005148,0.055326674,0.28431398,0.0079225525,0.18728065,0.0017568374
S0782,0.012127285,0.015998663,0.006819048,0.030532857,0.0019448736,0.0057490882,0.06620533,0.09923322,0.06562898,0.0075920937
S0783,0.020621479,0.037443552,0.013372538,0.13794129,0.0012879194,0.1424216,0.45241264,0.010097572,0.16641052,0.0030472162
S0784,0.041947324,0.025933642,0.008087351,0.042050514,0.000835708,0.018270465,0.03973765,0.1588524,0.022247832,0.0064764866
S0785,0.05699171,0.035632446,0.0062468457,0.032094855,0.00074594835,0.012455793,0.03526636,0.03173675,0.09912407,0.004758548
S0786,0.0034856363,0.0089696385,0.13743083,0.09281676,0.0015343766,0.039645128,0.80496305,0.0037593583,0.042119827,0.0028209223
S0787,0.18800113,0.018899435,0.18162292,0.29014054,0.001673118,0.06697832,0.72944856,0.04002697,0.13220267,0.0032101322
S0788,0.9261791,0.84683055,0.0032519596,0.920766,0.0017342822,0.9235094,0.9601983,0.90320337,0.93663216,0.0024664234
S0789,0.009038613,0.087361865,0.006931102,0.08456482,0.0011394059,0.03441577,0.047214918,0.011031295,0.48681685,0.0018369894
S0790,0.004260247,0.052568965,0.0061760033,0.042917408,0.0011394059,0.027794031,0.5763617,0.0038810407,0.07529064,0.0031287575
S0791,0.008113618,0.0134496605,0.19073717,0.4564882,0.0015119865,0.076615594,0.55141187,0.020205336,0.050735008,0.0040478734
S0792,0.124680504,0.086309,0.13082612,0.21398772,0.0011394059,0.10043154,0.09216228,0.018764276,0.1330792,0.0028547093
S0793,0.030438518,0.043936323,0.005990782,0.012897372,0.0025895492,0.005525278,0.0145541085,0.013824192,0.095244996,0.0034742926
S0794,0.014354992,0.014338782,0.003285479,0.15758815,0.0026917448,0.01548675,0.058222607,0.23610413,0.080143325,0.0024886867
S0795,0.004561164,0.039539117,0.0126682,0.017607095,0.0012879194,0.04921815,0.3985233,0.0033345607,0.16535655,0.0034834342
S0796,0.008249534,0.06406445,0.37872058,0.052341837,0.0011394059,0.034136992,0.09705171,0.0031054488,0.48198435,0.003850404
S0797,0.009959323,0.016755454,0.08495941,0.019660333,0.0019488939,0.010000886,0.009736573,0.007928439,0.40372074,0.0027909027
S0798,0.053925812,0.18954499,0.025421394,0.05143142,0.0030350767,0.11037942,0.09890554,0.07656699,0.22664553,0.003095096
S0799,0.0036379742,0.00718518,0.61300725,0.043656923,0.0008582498,0.016037354,0.035315014,0.08624148,0.014658102,0.010540359
S0800,0.0067165694,0.011253869,0.0116552785,0.31782678,0.0016090217,0.04622232,0.111307204,0.002490046,0.19978106,0.0029769961
S0801,0.10193183,0.020915747,0.14963625,0.7005973,0.0015343766,0.40547672,0.6346289,0.10686885,0.10056454,0.0027062423
S0802,0.012120672,0.006087312,0.003285479,0.016261542,0.0026917448,0.015071587,0.1307091,0.3365813,0.0666036,0.0135999285
S0803,0.004733066,0.042678323,0.01348375,0.100722946,0.0012005148,0.015999429,0.14993323,0.002911219,0.15743527,0.0035787276
S0804,0.010358924,0.0846148,0.058585636,0.7033052,0.0012005148,0.01987734,0.009188288,0.007866098,0.4290549,0.003289513
S0805,0.0065186163,0.023040617,0.020612312,0.039817706,0.0012879194,0.030077828,0.24628639,0.0027724549,0.14396158,0.0034560154
S0806,0.008064448,0.01766086,0.020385044,0.37712014,0.0019161025,0.13911109,0.1316468,0.014072265,0.14954259,0.0021806343
S0807,0.009527983,0.020831088,0.06599885,0.007665944,0.0024975035,0.014231126,0.23840836,0.0072598625,0.37379315,0.0026013672
S0808,0.0181511,0.010853054,0.014028292,0.0058520907,0.0062170755,0.012507826,0.0066878186,0.011566558,0.93495363,0.0026021418
S0809,0.0035933978,0.027968047,0.02553563,0.3244499,0.0025093094,0.01041222,0.024352528,0.0085843615,0.3434667,0.004816347
S0810,0.0057347445,0.011256797,0.010785428,0.043830447,0.0029913355,0.017525282,0.05305381,0.02692339,0.39241973,0.0022594377
S0811,0.037289612,0.01615705,0.017846439,0.35737786,0.003618497,0.05995049,0.25790444,0.04273517,0.12415565,0.0023736288
S0812,0.011837332,0.1401713,0.010687237,0.008617645,0.003360979,0.011228869,0.008296368,0.053043414,0.63086563,0.003686891
S0813,0.0035745522,0.040191878,0.07840338,0.03898244,0.0018638453,0.02756926,0.058587886,0.0038168104,0.16038972,0.003733511
S0814,0.023945682,0.017520733,0.21202926,0.006409136,0.004144084,0.03299728,0.05313351,0.012447572,0.21790634,0.0025033941
S0815,0.12635854,0.019623261,0.23489797,0.66447306,0.001673118,0.05214914,0.7928612,0.012203913,0.08371368,0.0031812328
S0816,0.081058115,0.16131844,0.0038290187,0.008514901,0.0006598897,0.013511616,0.026065473,0.069123544,0.14741825,0.001227567
S0817,0.008448215,0.03917228,0.0034197872,0.03505892,0.000695299,0.07366005,0.12018253,0.0075688157,0.4791451,0.0018800219
S0818,0.008060055,0.10376978,0.033400275,0.90294456,0.0012005148,0.015338903,0.06290211,0.005745219,0.62615466,0.0028700093
S0819,0.2644058,0.06401636,0.072691925,0.81122136,0.0018381202,0.18530238,0.94042987,0.057089247,0.22769918,0.0016643758
S0820,0.004317104,0.095736735,0.011767674,0.054305147,0.0011394059,0.015540899,0.25108343,0.003906667,0.11134602,0.001900182
S0821,0.0066819517,0.0077123316,0.44021508,0.6451513,0.0016090217,0.18039022,0.8598198,0.0050771288,0.23084632,0.0025176206
S0822,0.101077266,0.009271285,0.011948369,0.13014854,0.0012879194,0.058424626,0.47867468,0.010042841,0.13392411,0.0033283825
S0823,0.011092432,0.02752309,0.026825616,0.003698378,0.0041320994,0.011588783,0.013791052,0.013285121,0.9640107,0.0028959725
S0824,0.008178525,0.06584872,0.054070007,0.24116828,0.0011394059,0.058258817,0.33296722,0.0039192312,0.091199346,0.0037951157
S0825,0.007836227,0.049339,0.10869617,0.05205554,0.0011394059,0.034757894,0.32080317,0.00715579,0.46940783,0.0033067395
S0826,0.08452442,0.16688722,0.033913027,0.10705116,0.0030350767,0.09989625,0.11617144,0.026745725,0.26454794,0.0033086985
S0827,0.007474774,0.019341711,0.06991247,0.21260647,0.0019275133,0.18207788,0.13818388,0.009790165,0.22194673,0.00204993
S0828,0.0045576626,0.014013546,0.12234016,0.21635942,0.0016090217,0.023984566,0.08514524,0.0036594954,0.0792819,0.0028700093
S0829,0.009339208,0.008170553,0.011179913,0.0034182065,0.004418502,0.012796204,0.0040050303,0.0068536857,0.9638101,0.002523273
S0830,0.00663074,0.09345822,0.13146901,0.13798101,0.0011394059,0.19891833,0.4555471,0.00503662,0.05020477,0.002888463
S0831,0.32064798,0.048552472,0.079967596,0.19413,0.0012424778,0.11578932,0.2123216,0.091040835,0.19278875,0.0015795294
S0832,0.094093636,0.2529294,0.02350538,0.09334351,0.0033365723,0.08267756,0.19100022,0.08016097,0.47285935,0.003095096
S0833,0.011077132,0.091869205,0.010937173,0.028254462,0.003144305,0.011187337,0.009156017,0.020874482,0.5820885,0.0029147852
S0834,0.01628762,0.054968826,0.02233442,0.007441417,0.0020436633,0.0068934984,0.00806444,0.029265357,0.78897,0.007999905
S0835,0.0066222404,0.03197235,0.35204548,0.026659293,0.0011119456,0.009593876,0.008350285,0.07068919,0.013252034,0.006642808
S0836,0.0069065196,0.054153454,0.051046044,0.011469435,0.0011394059,0.012836613,0.026939783,0.0037949188,0.90743476,0.0051669935
S0837,0.0046999156,0.041049257,0.058946814,0.0541802,0.0017342822,0.011565239,0.09339253,0.0046597123,0.7545963,0.0032312342
S0838,0.17883533,0.029891541,0.0037599173,0.024236374,0.0006598897,0.10329768,0.07540022,0.011401573,0.13235538,0.0015645594
S0839,0.0034590682,0.059879396,0.45859432,0.014514802,0.0011119456,0.013321318,0.010719121,0.07255771,0.021490993,0.02018149
S0840,0.0049103615,0.032122202,0.009079056,0.03262041,0.0012879194,0.025028966,0.32544023,0.0066709844,0.19146864,0.0027321267
S0841,0.0121476045,0.1668603,0.004261596,0.07818132,0.0007256129,0.16959658,0.05137069,0.0302354,0.18403916,0.004624287
S0842,0.04049547,0.008212979,0.010975001,0.100393794,0.00086583657,0.009098036,0.018098423,0.35917696,0.1441022,0.009941641
S0843,0.06257535,0.091739275,0.00356562,0.0857403,0.0007256129,0.084447876,0.05033999,0.21852554,0.26404485,0.003139545
S0844,0.013367663,0.006531556,0.0037278896,0.025274763,0.0026917448,0.02265841,0.14897758,0.23475696,0.082016796,0.0038241837
S0845,0.66877246,0.19301453,0.004234976,0.4605979,0.0011394059,0.56480384,0.34355262,0.36077458,0.34987724,0.002169536
S0846,0.040352877,0.03426869,0.003509443,0.088641085,0.0007256129,0.100280516,0.030593883,0.1489943,0.12009724,0.0021758222
S0847,0.003940848,0.039711557,0.020852244,0.43120432,0.0018272375,0.06073192,0.031793464,0.0033897252,0.32002953,0.0022185494
S0848,0.004269161,0.007033715,0.009677147,0.02396542,0.0012879194,0.016982516,0.45535782,0.0029220504,0.08386983,0.0037822076
S0849,0.003861848,0.09554131,0.0055269473,0.21021989,0.0007859719,0.051931195,0.0515003,0.002188971,0.56045717,0.009056026
S0850,0.014286795,0.024209654,0.020247959,0.00674436,0.0055516777,0.015657812,0.027727103,0.03674101,0.70272756,0.003879614
S0851,0.34027392,0.023141589,0.03392469,0.16735889,0.0007256129,0.02221453,0.0125808725,0.11574218,0.034297336,0.0018107187
S0852,0.02243632,0.3336801,0.008065897,0.024637483,0.0037679817,0.02982659,0.020640502,0.018639661,0.3641552,0.0024975035
S0853,0.018733159,0.012467195,0.20247667,0.060534306,0.000835708,0.02336194,0.019494778,0.07702783,0.015501683,0.0062372237
S0854,0.021444138,0.09608072,0.03287937,0.15130864,0.0011394059,0.027547063,0.14128934,0.00899688,0.5199403,0.004954531
S0855,0.005494629,0.044329036,0.1910885,0.22410938,0.0011394059,0.07263393,0.9015069,0.0048690964,0.08506029,0.0033067395
S0856,0.0033685823,0.077426285,0.0060075554,0.0070835217,0.0030723743,0.0053257346,0.0056646415,0.012603379,0.6287697,0.005185586
S0857,0.0139133325,0.006615305,0.0030623046,0.27078566,0.0026917448,0.017513052,0.30258006,0.04614553,0.07528364,0.0027262075
S0858,0.014953244,0.006239379,0.004120582,0.096517645,0.0017342822,0.039016385,0.5994983,0.039398782,0.061347384,0.0068234894
S0859,0.00678862,0.034072764,0.012128257,0.040107384,0.0012879194,0.038932104,0.45761338,0.004586249,0.13555509,0.0037933078
S0860,0.014881618,0.03389073,0.013025884,0.0559208,0.003997164,0.073773205,0.018530224,0.16099666,0.16763581,0.0042233793
S0861,0.0056610703,0.010850045,0.019073939,0.36135763,0.0016090217,0.09809565,0.57877314,0.0053577437,0.16224076,0.0021806343
S0862,0.014726898,0.032504003,0.18587217,0.6018094,0.0019161025,0.25764552,0.10949277,0.0046661324,0.24168356,0.0024526909
S0863,0.0026266037,0.13200355,0.008041913,0.17443785,0.0013569826,0.017173707,0.15484953,0.002966265,0.0734491,0.0026682965
S0864,0.00626771,0.0043033864,0.014542043,0.048938934,0.0018186347,0.015561908,0.042491857,0.020473842,0.38900563,0.0018779446
S0865,0.0061866986,0.008227525,0.01916424,0.10387062,0.0023817385,0.033452474,0.09824169,0.0036645113,0.1524611,0.0023802752
S0866,0.028939545,0.015469056,0.021766998,0.09552132,0.0038364925,0.013295508,0.07201433,0.012899242,0.22901353,0.0024174165
S0867,0.018476157,0.029045446,0.0044730343,0.0206216,0.0007916926,0.04555214,0.029671265,0.05941553,0.060914,0.0021758222
S0868,0.049594767,0.10895326,0.01761815,0.114096746,0.0017342822,0.6162267,0.09070905,0.1244059,0.092883974,0.0024664234
S0869,0.006669481,0.033872284,0.036271576,0.079266995,0.0011394059,0.08414607,0.22857851,0.0045181043,0.21711077,0.005406523
S0870,0.01534901,0.25719088,0.02080618,0.00663259,0.004055453,0.012681829,0.0055502197,0.027717307,0.45786756,0.0034759804
S0871,0.011083877,0.014083019,0.015249108,0.015800377,0.0029736455,0.015310459,0.14366803,0.008524519,0.12433724,0.0021745015
S0872,0.0043164785,0.019990746,0.0108539965,0.176565,0.0012005148,0.009723415,0.4168279,0.0032937354,0.29883546,0.0020324953
S0873,0.0040704333,0.017407926,0.027182223,0.003337982,0.0031824957,0.008860541,0.00912121,0.012974203,0.8924601,0.0046339086
S0874,0.875343,0.1223415,0.02880791,0.30020323,0.0011394059,0.5624592,0.40971106,0.09242893,0.56850195,0.0022230546
S0875,0.2240716,0.09421045,0.0076712454,0.5679107,0.0006965824,0.021824291,0.035686903,0.48797885,0.1202451,0.0019829907
S0876,0.011894543,0.006239379,0.0067568966,0.045826837,0.0017342822,0.044863258,0.12748678,0.029851617,0.12689404,0.019256147
S0877,0.028543182,0.0136592565,0.004949484,0.059894204,0.0011394059,0.08756761,0.13652195,0.009743311,0.23496267,0.0018693517
S0878,0.007852831,0.050462704,0.043960046,0.15288375,0.0011394059,0.07778041,0.46743828,0.0043635545,0.1556518,0.0036312533
S0879,0.10129059,0.016408172,0.026268676,0.03975716,0.0006598897,0.026910413,0.010351598,0.04034192,0.024487648,0.0012971523
S0880,0.0076634884,0.0065032006,0.0029832034,0.006214292,0.0030350767,0.017371424,0.44390446,0.29522565,0.36197394,0.0019236635
S0881,0.032784402,0.013447181,0.014972338,0.307178,0.003383153,0.067944854,0.13300566,0.04041311,0.12300192,0.0023736288
S0882,0.0046398262,0.01301464,0.012340337,0.15084827,0.0013569826,0.0337519,0.23779115,0.004011343,0.048080627,0.0028067466
S0883,0.081738845,0.56497526,0.018862294,0.07994411,0.0033365723,0.02936905,0.2604831,0.07837186,0.48466897,0.0018854423
S0884,0.17697665,0.013038979,0.017018845,0.13894543,0.0015343766,0.041868847,0.2057095,0.0046336465,0.35152116,0.0033202323
S0885,0.0055774576,0.052233323,0.15293935,0.04046801,0.001769031,0.016578315,0.07790951,0.0034683791,0.17510577,0.0038462726
S0886,0.009501497,0.022712791,0.03045996,0.012347539,0.0034138006,0.01664522,0.009891608,0.012579558,0.36312792,0.0025293494
S0887,0.16263995,0.068931244,0.0062463777,0.022023749,0.0006598897,0.06495148,0.032927606,0.013818732,0.050438453,0.001672712
S0888,0.015850263,0.006089955,0.002628128,0.02312104,0.0030350767,0.015425645,0.05059319,0.33613536,0.10270059,0.0029602225
S0889,0.025389813,0.011141286,0.022246068,0.020955224,0.0049351533,0.038158394,0.014039032,0.012226207,0.22222179,0.004646316
S0890,0.004563945,0.025309922,0.021745782,0.039568406,0.0011394059,0.017942298,0.17952742,0.0029789826,0.43283615,0.0037271848
S0891,0.009218634,0.011160125,0.1415555,0.02289991,0.0007870267,0.010187981,0.03760357,0.10106206,0.019909747,0.007221118
S0892,0.007915702,0.028156927,0.51720446,0.050326556,0.0007870267,0.011885109,0.010170623,0.08295473,0.01823151,0.005844411
S0893,0.008613732,0.45632038,0.003285479,0.07766104,0.0026917448,0.01380075,0.18908334,0.08970171,0.07471628,0.0022433728
S0894,0.01878398,0.012197832,0.3202997,0.35609117,0.0015343766,0.08615393,0.8201285,0.013803424,0.060187638,0.0030902885
S0895,0.035269685,0.071972296,0.03363375,0.47451517,0.0011394059,0.029039508,0.5276537,0.018274542,0.15858097,0.00300204
S0896,0.006389441,0.03334079,0.053781115,0.035186492,0.0011394059,0.024422498,0.053395916,0.0047395215,0.17135376,0.0026046205
S0897,0.027017698,0.030924577,0.0029530649,0.032197066,0.0006598897,0.03403559,0.02286606,0.0076776072,0.048547063,0.0011663779
S0898,0.7221899,0.012770172,0.01859016,0.9138238,0.0015343766,0.4083595,0.34340337,0.24039179,0.6721847,0.0029791314
S0899,0.1458096,0.01693382,0.0640476,0.048230596,0.0006598897,0.01170686,0.00741374,0.11422953,0.098411456,0.0012096369
S0900,0.0070401155,0.019944623,0.020694738,0.8818942,0.0015343766,0.033940237,0.015855053,0.0058082016,0.3215072,0.0028700093
S0901,0.022141173,0.1526071,0.01481074,0.008238424,0.0040814416,0.010750735,0.007914746,0.047290474,0.3903051,0.0031777949
S0902,0.22696048,0.12641619,0.028764399,0.05069568,0.0011394059,0.12629037,0.18881612,0.012752037,0.30074248,0.0019864351
S0903,0.029045638,0.057674363,0.670316,0.061162278,0.0011394059,0.074523985,0.20329253,0.013456401,0.045037225,0.004131117
S0904,0.007472909,0.16567722,0.021632947,0.11367221,0.0012005148,0.124610566,0.06019465,0.008855931,0.10547305,0.0038982653
S0905,0.0027360597,0.019039929,0.017427707,0.05705752,0.0031975294,0.016242696,0.08613063,0.008116947,0.16406147,0.0054999627
S0906,0.048285175,0.009457118,0.020391183,0.011855355,0.0006598897,0.012473477,0.008276328,0.025097057,0.04530833,0.00197994
S0907,0.080124855,0.04153878,0.010645111,0.51660126,0.0007256129,0.023408713,0.044840507,0.204715,0.15513118,0.0019181427
S0908,0.019528797,0.020236483,0.08666577,0.18607232,0.0012005148,0.11346378,0.05740437,0.013275574,0.15477231,0.004567987
S0909,0.012716103,0.39277032,0.02079451,0.07965385,0.0031975294,0.08110602,0.08513434,0.07753928,0.24980551,0.00253532
S0910,0.0026980618,0.026292836,0.010064794,0.27536726,0.0018272375,0.01569321,0.0066087306,0.0070916284,0.68026096,0.0022793792
S0911,0.006191224,0.016000675,0.05281067,0.009487541,0.0008154018,0.0063281576,0.024194807,0.062766805,0.0231346,0.01081399
S0912,0.0032324214,0.045093853,0.013539827,0.013572411,0.0012879194,0.01989261,0.45009172,0.004561086,0.14560692,0.0030111463
S0913,0.07164443,0.19686352,0.005879583,0.10007094,0.0012528277,0.12271144,0.052343424,0.03801588,0.66665,0.0032989115
S0914,0.005623912,0.08722586,0.02045428,0.07770377,0.0011394059,0.05228437,0.31022674,0.0042022876,0.27501738,0.0036955173
S0915,0.020783037,0.51999813,0.009284324,0.008228666,0.006690636,0.022111898,0.004554261,0.044898495,0.779632,0.0051020323
S0916,0.5272814,0.037027672,0.008322123,0.14143151,0.0042721513,0.3475121,0.04422154,0.08885171,0.27008152,0.0032250064
S0917,0.0035884515,0.0471867,0.39495057,0.0165155,0.0007870267,0.0119846035,0.014532759,0.044336863,0.021531286,0.015010969
S0918,0.04679283,0.010636086,0.03912368,0.2521344,0.00086333754,0.041332915,0.014395624,0.07077378,0.027834227,0.0031814098
S0919,0.08069715,0.022442538,0.037056185,0.77787113,0.0028527458,0.19788988,0.7678274,0.042123992,0.12242235,0.0018380212
S0920,0.56838655,0.12932958,0.009817217,0.32827562,0.0013718643,0.13931063,0.3529468,0.23025553,0.43452877,0.0061406405
S0921,0.04893878,0.0047189333,0.012262558,0.020398522,0.0006598897,0.020615961,0.014551428,0.05198079,0.03934766,0.0029543596
S0922,0.013570171,0.21544991,0.002628128,0.07684615,0.0026917448,0.012485443,0.09912778,0.34943894,0.06747446,0.0028866313
S0923,0.002520851,0.051912937,0.034560464,0.19785035,0.0018272375,0.008675981,0.014878941,0.0060467,0.6390377,0.0027917947
S0924,0.0038313875,0.027322497,0.031582937,0.047749173,0.0011394059,0.03889649,0.2964084,0.0060962043,0.07105645,0.0036103278
S0925,0.005254917,0.04303907,0.021903561,0.24214858,0.0016166345,0.0056372047,0.10134794,0.007225406,0.10604935,0.0035048702
S0926,0.06053873,0.13138345,0.0059527955,0.16887777,0.0011394059,0.07063069,0.37168875,0.01841268,0.53624237,0.0019263908
S0927,0.25393912,0.10255347,0.01983207,0.19701265,0.0011394059,0.17172815,0.29595965,0.04089684,0.50513965,0.003642737
S0928,0.004726729,0.02671901,0.08670795,0.5940212,0.0015343766,0.13344502,0.69821775,0.0052692806,0.06641151,0.0028209223
S0929,0.025786001,0.15553021,0.006433282,0.13611202,0.0053989054,0.030911596,0.005407926,0.036464002,0.8191903,0.00349905
S0930,0.029230995,0.00744704,0.016694611,0.0105696,0.0006598897,0.014989579,0.008581403,0.042633224,0.082947895,0.001200667
S0931,0.010065193,0.08720902,0.2587703,0.0435503,0.0007870267,0.011316543,0.010913867,0.101815425,0.026159633,0.020648818
S0932,0.0070335483,0.025669586,0.028225793,0.084625505,0.0016166345,0.025035802,0.037883494,0.0058762394,0.61344564,0.0027293998
S0933,0.022958927,0.23416226,0.0055737295,0.017105894,0.0006598897,0.022158612,0.018087614,0.0149569325,0.055887565,0.0013927924
S0934,0.0409676,0.015210234,0.004261904,0.09113432,0.0011394059,0.07029156,0.03513551,0.015818665,0.06319541,0.0017263201
S0935,0.005715029,0.094614275,0.023230804,0.20595661,0.0011394059,0.030577209,0.11088699,0.0140782865,0.13561235,0.0025759963
S0936,0.004571527,0.012621549,0.12127739,0.27241465,0.0015343766,0.05678501,0.10032417,0.0031940723,0.071658626,0.0028700093
S0937,0.15065865,0.037784968,0.004510917,0.11712577,0.0014323811,0.07611579,0.064115874,0.008326422,0.3427666,0.005487317
S0938,0.07546988,0.017427463,0.06278977,0.04305592,0.0006965824,0.007537508,0.010378936,0.036275167,0.0530443,0.0025865408
S0939,0.018555328,0.022088189,0.026137108,0.006806361,0.0055147735,0.011739837,0.007839957,0.030240098,0.80366886,0.0077056205
S0940,0.17431368,0.030558756,0.08351208,0.06569176,0.0011394059,0.027259788,0.29046315,0.015524783,0.11776936,0.0021278458
S0941,0.49257666,0.049870275,0.007755731,0.9571072,0.0015343766,0.27308792,0.37677935,0.22313438,0.92339057,0.0033571764
S0942,0.0059695113,0.03579404,0.08842005,0.10175304,0.0007213362,0.013717236,0.0133055765,0.13505515,0.1059125,0.0023658776
S0943,0.007382768,0.116497844,0.008798046,0.009789532,0.0033528127,0.006175122,0.0059882947,0.015389962,0.32997456,0.003686891
S0944,0.7899357,0.1398547,0.03949537,0.1964785,0.0011394059,0.47606322,0.3926662,0.30539146,0.5698752,0.0022230546
S0945,0.14266257,0.007145251,0.07874549,0.71304137,0.002835873,0.21955228,0.3134531,0.1149898,0.13317083,0.0026825313
S0946,0.16591948,0.13089605,0.0064414283,0.057835992,0.005369486,0.054067656,0.019682461,0.18266408,0.37607092,0.0042378167
S0947,0.03372322,0.016727503,0.060618933,0.018607972,0.000835708,0.03892024,0.027505439,0.053865716,0.037277967,0.0042362474
S0948,0.008079888,0.009550428,0.008181303,0.30817103,0.0029913355,0.08942354,0.6816587,0.011472355,0.26023576,0.0021745015
S0949,0.027714936,0.006132876,0.007274139,0.046528235,0.0008202357,0.010348911,0.03618979,0.064717144,0.079806134,0.011810782
S0950,0.00410198,0.018379554,0.118067086,0.59893805,0.0025093094,0.07027378,0.32237077,0.0058087963,0.070035234,0.0030935954
S0951,0.0049383203,0.04160481,0.08055493,0.0076730964,0.0015343766,0.015927365,0.054619268,0.0038682113,0.94784755,0.0043709483
S0952,0.0037555797,0.068651296,0.7358398,0.14414486,0.00086746545,0.02157155,0.045549143,0.08715529,0.039311767,0.014324732
S0953,0.0044095796,0.05217537,0.045634545,0.06295833,0.0011394059,0.022437073,0.41633603,0.005018002,0.05770113,0.0029303464
S0954,0.023854818,0.018646462,0.023869885,0.038919955,0.0018272375,0.020155039,0.05179651,0.0067781983,0.38494226,0.0030790018
S0955,0.014660273,0.34397995,0.019851578,0.19420333,0.0030350767,0.08205714,0.09920325,0.051243175,0.23326638,0.0025563913
S0956,0.006339159,0.029321209,0.2892431,0.013422041,0.0018186347,0.0042423583,0.014252535,0.0055020885,0.6149564,0.0025634994
S0957,0.1701954,0.048938658,0.0353772,0.05681344,0.004728589,0.027863666,0.019124774,0.18277301,0.351848,0.0029607238
S0958,0.00951634,0.54728085,0.003285479,0.091587454,0.0026917448,0.014817436,0.05787767,0.21962963,0.09083985,0.00483476
S0959,0.0049309637,0.302421,0.017737322,0.036052536,0.0035756768,0.0057849535,0.044716224,0.014632161,0.4010822,0.0051020323
S0960,0.026144229,0.0068421927,0.18085414,0.21854138,0.000835708,0.028088128,0.018583411,0.03859902,0.018698584,0.003476218
S0961,0.017094392,0.005824348,0.0036968763,0.09064668,0.0026917448,0.024992041,0.38580456,0.128615,0.08983487,0.005031273
S0962,0.02068061,0.022342809,0.2957941,0.0055252598,0.004144084,0.023442464,0.052715186,0.0140065495,0.19807854,0.0024942684
S0963,0.032085814,0.123289734,0.047741693,0.022109473,0.001180701,0.016524155,0.007813774,0.24347822,0.04193713,0.008719575
S0964,0.0049412455,0.10469365,0.07653183,0.47241154,0.0011394059,0.089152426,0.5202586,0.0044787643,0.086972184,0.0026752786
S0965,0.005983894,0.0067120097,0.008943693,0.004667765,0.0066699893,0.02706958,0.0070295134,0.017845403,0.8333468,0.0021745015
S0966,0.015494675,0.012180109,0.017576283,0.006883184,0.0006598897,0.0176371,0.009481798,0.015158309,0.024513582,0.002564902
S0967,0.009409722,0.0846148,0.06773189,0.7309138,0.0012005148,0.03490274,0.01307783,0.01010233,0.39929706,0.003147412
S0968,0.008494788,0.053232975,0.07727835,0.027297206,0.0007659573,0.014964852,0.024898404,0.13649938,0.14939679,0.0017415781
S0969,0.012654603,0.0095969755,0.002628128,0.042063463,0.0026917448,0.01380075,0.047889743,0.33803153,0.101302765,0.004555556
S0970,0.0063457466,0.033609264,0.021596875,0.005784663,0.0031975294,0.0078009455,0.023203142,0.029660134,0.40467677,0.0040614414
S0971,0.04768432,0.010380004,0.06561494,0.018317515,0.000835708,0.0101774465,0.017143704,0.05916601,0.068614386,0.0048527615
S0972,0.0065676924,0.039993506,0.24120028,0.0273065,0.0007870267,0.011238079,0.02273563,0.081363834,0.096011855,0.006873604
S0973,0.0068933745,0.06453896,0.038395207,0.010863507,0.0007870267,0.008381337,0.010220447,0.052052084,0.017826943,0.005337876
S0974,0.21052298,0.024749123,0.05135396,0.3896833,0.002085243,0.3409249,0.39417556,0.024931025,0.22712629,0.0022865238
S0975,0.0044099605,0.012113805,0.0061738174,0.07890006,0.0013569826,0.121125534,0.17396803,0.005502506,0.2330975,0.0030272636
S0976,0.005967367,0.046386503,0.021687523,0.013735381,0.0011394059,0.024492873,0.111905724,0.0038379505,0.638578,0.0043694833
S0977,0.0054877517,0.028850982,0.007358891,0.031982027,0.0012879194,0.02818495,0.17150477,0.0050999005,0.15688209,0.004917816
S0978,0.014536092,0.14062437,0.024054656,0.11242655,0.0011394059,0.03869522,0.091909654,0.012428642,0.08773867,0.0028190839
S0979,0.90826046,0.9190863,0.0037149785,0.955049,0.0017342822,0.8876919,0.9484781,0.9625423,0.9302061,0.0024664234
S0980,0.02373004,0.1843262,0.0041021532,0.07857634,0.0011394059,0.09559763,0.04714327,0.012862822,0.15289934,0.0017121189
S0981,0.0069182673,0.024327151,0.039913222,0.10702055,0.0011394059,0.058736127,0.09575604,0.0049884007,0.26001027,0.005806536
S0982,0.017181491,0.039492153,0.0086929975,0.009729459,0.0038379559,0.012732194,0.0052269446,0.018675173,0.5627109,0.005185586
S0983,0.026749033,0.014447297,0.005534784,0.11263122,0.0006598897,0.03746633,0.034533564,0.17602758,0.044143546,0.0016427985
S0984,0.14310595,0.2205171,0.005033171,0.17017841,0.0011394059,0.1560543,0.17878346,0.27300203,0.6641034,0.0052318363
S0985,0.08097175,0.029432928,0.014512047,0.4438106,0.0029502416,0.026698736,0.20108117,0.08295368,0.1292054,0.0028917044
S0986,0.19625448,0.015334971,0.008392461,0.1628912,0.0006598897,0.06558694,0.027845073,0.12796855,0.18387821,0.001852502
S0987,0.0074721244,0.019944623,0.009014318,0.84824425,0.0011394059,0.021537751,0.085052945,0.0046498547,0.41757536,0.0028700093
S0988,0.05458895,0.009980592,0.00461395,0.08280458,0.0007916926,0.020030554,0.02347275,0.35313323,0.028237598,0.0023261309
S0989,0.18305148,0.01666415,0.33561411,0.4393472,0.0015343766,0.1492637,0.8836338,0.021983495,0.08875357,0.0030433582
S0990,0.014011648,0.100110345,0.0072253104,0.0094711725,0.0029668983,0.0054816036,0.005179617,0.009368777,0.3955451,0.003686891
S0991,0.0053529656,0.019261371,0.015574842,0.20566817,0.0011394059,0.0705087,0.5622452,0.0059457454,0.34786278,0.0028794035
S0992,0.008243556,0.015617054,0.008507461,0.019801086,0.0036328493,0.017621782,0.0181059,0.07148302,0.25935137,0.002520393
S0993,0.028347703,0.014185717,0.0065619983,0.07173622,0.000835708,0.011003261,0.026082499,0.31116274,0.022201654,0.003545154
S0994,0.016516894,0.04182384,0.017028635,0.03301386,0.000835708,0.023970434,0.019924453,0.10920136,0.01935664,0.0050100563
S0995,0.010198512,0.017075792,0.032921396,0.8061054,0.0016090217,0.28808314,0.8980324,0.01058617,0.09326331,0.0021806343
S0996,0.0040061283,0.009344866,0.07278322,0.012205896,0.0015343766,0.02157365,0.12290695,0.002932868,0.66592383,0.0028626225
S0997,0.04840223,0.010664911,0.015224224,0.27063653,0.002928171,0.01502334,0.029368982,0.20686612,0.64315766,0.0016643758
S0998,0.22101331,0.03633507,0.0370879,0.047928274,0.0007659573,0.024867853,0.010614746,0.046474054,0.03537722,0.0054474245
S0999,0.0039966456,0.009455841,0.03197491,0.065610565,0.0015343766,0.012564481,0.084650956,0.0028389965,0.4893423,0.0028220625
S1000,0.06091577,0.09353321,0.021626882,0.0350365,0.0011394059,0.08399051,0.13843712,0.01632937,0.2434589,0.0027167667
S1001,0.008110177,0.05607837,0.026831012,0.17303842,0.0015343766,0.11129298,0.34533054,0.0026438814,0.18578726,0.0034339582
S1002,0.0044618705,0.0664854,0.14968815,0.19646028,0.0015343766,0.08375191,0.3553598,0.0068366537,0.06347414,0.002888463
S1003,0.007437734,0.019786134,0.057190552,0.84570926,0.0015343766,0.047059547,0.14560077,0.0044092885,0.25091663,0.0028700093
S1004,0.012259993,0.012352197,0.017414011,0.005669494,0.0033420206,0.018903626,0.018787723,0.016717115,0.45384374,0.0023760532
S1005,0.019436875,0.070801675,0.0058839656,0.028776037,0.0011394059,0.21583587,0.05609878,0.029564368,0.21195863,0.00138013
S1006,0.0047098678,0.04308043,0.0860581,0.010105449,0.0011394059,0.0082068825,0.07360531,0.005560868,0.91104877,0.0038430658
S1007,0.007235986,0.056680415,0.05884991,0.072494544,0.0011394059,0.14411476,0.57770854,0.0025714478,0.2507422,0.0023605174
S1008,0.014073833,0.017932193,0.007593671,0.09730239,0.004966869,0.019099025,0.0065240352,0.0133852465,0.6249691,0.002520393
S1009,0.014934558,0.018259225,0.037570357,0.22541538,0.0019161025,0.01075803,0.04741676,0.006533363,0.38976747,0.0020722777
S1010,0.0035560692,0.01684384,0.07499472,0.14166349,0.0019161025,0.0074695395,0.005083217,0.038678337,0.93990386,0.008780249
S1011,0.009133427,0.017650688,0.007462949,0.13329932,0.0011394059,0.012611344,0.32462752,0.008935189,0.9120341,0.004953661
S1012,0.031406797,0.009976912,0.015634408,0.64778686,0.0017342822,0.23355962,0.3479742,0.07400073,0.043358162,0.006794303
S1013,0.015802395,0.06217654,0.01768325,0.07009673,0.0011394059,0.05240133,0.36032206,0.008569359,0.07471911,0.00368364
S1014,0.0069004293,0.035231464,0.06496151,0.11842945,0.0011394059,0.05468252,0.15763684,0.0049882373,0.31038547,0.0057935026
S1015,0.02644467,0.020770209,0.022693664,0.13227534,0.0019994474,0.059151553,0.36093548,0.02115935,0.18088105,0.0036657196
S1016,0.03626501,0.12589389,0.00933661,0.058232922,0.0017342822,0.51622283,0.1699328,0.029559445,0.23727675,0.0024664234
S1017,0.018897414,0.090412706,0.0284782,0.018280197,0.0053303316,0.05130822,0.007513831,0.04311203,0.4744504,0.0064267754
S1018,0.05276156,0.060034856,0.0066218795,0.061368454,0.0011394059,0.045140166,0.57010627,0.022941098,0.5117043,0.0059862686
S1019,0.014287795,0.016514974,0.028126461,0.01183031,0.0007659573,0.0073533445,0.024717733,0.20696312,0.13912182,0.0023082988
S1020,0.0066757067,0.011530296,0.0070255506,0.020863868,0.0024975035,0.0137884375,0.14272133,0.004305506,0.6565605,0.003784742
S1021,0.02178007,0.05451878,0.007673743,0.0040277694,0.0006598897,0.01087495,0.009411025,0.08564422,0.08003668,0.0012499291
S1022,0.32171187,0.46678323,0.0030659824,0.97794205,0.0017342822,0.2610962,0.27586964,0.3902457,0.96797526,0.0022577527
S1023,0.03774501,0.052938033,0.040686246,0.0747588,0.0007659573,0.01663737,0.016582932,0.2912539,0.15858512,0.0037737514
S1024,0.059258442,0.023234755,0.040416736,0.07875294,0.0006598897,0.16151765,0.011679929,0.25637102,0.17844348,0.0012793234
S1025,0.048596613,0.06755848,0.014710805,0.11399471,0.00074594835,0.08529037,0.24293901,0.011610695,0.37125167,0.005976153
S1026,0.04138435,0.025313534,0.0036557887,0.025500424,0.0007256129,0.06971751,0.03650298,0.066741526,0.13764206,0.0029217296
S1027,0.01563302,0.03265721,0.11306673,0.113450944,0.000835708,0.018498268,0.0146702705,0.09537124,0.017236734,0.00523132
S1028,0.013471837,0.05217884,0.002866841,0.06532666,0.0030350767,0.014785658,0.08795765,0.303164,0.07424255,0.0050291345
S1029,0.005126391,0.062339406,0.30375364,0.07738062,0.0011394059,0.18955837,0.17403574,0.004912473,0.0672099,0.0027942676
S1030,0.066250935,0.28094143,0.010803793,0.017450782,0.0074457396,0.03195247,0.007834603,0.046986498,0.67323446,0.004960049
S1031,0.00819741,0.009609874,0.011551233,0.45737487,0.0017053726,0.033391766,0.48686773,0.0030831776,0.17849822,0.0019106534
S1032,0.25071084,0.07546736,0.021919692,0.123103365,0.0011394059,0.07856868,0.5380229,0.014908661,0.7935899,0.0036609194
S1033,0.008782819,0.015275517,0.06627198,0.08575384,0.0015257274,0.039261915,0.05350012,0.0046211453,0.06766192,0.0017372064
S1034,0.0037400671,0.03185126,0.012361392,0.050896633,0.002106585,0.09523282,0.3410835,0.0024314148,0.22448708,0.003489199
S1035,0.027308656,0.028780453,0.0025711285,0.08190921,0.0006598897,0.13181823,0.019682676,0.41641596,0.0152089475,0.0021493707
S1036,0.2732115,0.0133582335,0.25402158,0.47831783,0.0015343766,0.24168077,0.9127606,0.023918247,0.09405691,0.0030433582
S1037,0.018799637,0.06243703,0.005646485,0.008677524,0.0029736455,0.017754328,0.005473561,0.021897672,0.6226793,0.0056716125
S1038,0.006856994,0.03211486,0.035255734,0.06286722,0.0011394059,0.07487431,0.23175071,0.004077323,0.23613295,0.0028472007
S1039,0.0035552545,0.14140296,0.0066465354,0.037447978,0.0011394059,0.08473813,0.49160418,0.0037470828,0.13414209,0.0016731763
S1040,0.03259042,0.090641074,0.006689919,0.1200777,0.0012879194,0.05880207,0.17099619,0.017115485,0.09710007,0.0028941967
S1041,0.0076864543,0.04035822,0.007486708,0.11151654,0.0013569826,0.040940262,0.47757474,0.0059728967,0.2860913,0.0028555319
S1042,0.010207064,0.045704544,0.016128868,0.26675233,0.0016166345,0.03561954,0.024595894,0.006466329,0.16405132,0.0025133947
S1043,0.008318775,0.006568433,0.075399175,0.015604222,0.0007213362,0.0080791125,0.017027542,0.09425919,0.063196,0.0052504665
S1044,0.0038862682,0.08177939,0.03202566,0.15569459,0.0018638453,0.011149548,0.018118607,0.006607795,0.09749795,0.0030935954
S1045,0.0836474,0.018607145,0.0028577948,0.087762326,0.0006965824,0.09108948,0.35882902,0.021076689,0.27745298,0.0014590292
S1046,0.0046679443,0.05204134,0.017089963,0.12642297,0.0018638453,0.05289314,0.017048946,0.005647387,0.22310033,0.0028571887
S1047,0.015830526,0.006239379,0.0066038645,0.048295125,0.0017342822,0.05366822,0.2664339,0.033734247,0.06355014,0.019502504
S1048,0.016672285,0.04394623,0.0034116115,0.2835809,0.0026917448,0.02108902,0.0951196,0.08102529,0.07263245,0.0027262075
S1049,0.20793238,0.15892035,0.43813038,0.4992021,0.0011394059,0.26885223,0.2874185,0.09150535,0.13364145,0.004003764
S1050,0.020974936,0.03027133,0.022309264,0.03288863,0.0034138006,0.023142269,0.0065017003,0.020106781,0.25061056,0.0037895653
S1051,0.8265354,0.10513272,0.007284321,0.23820072,0.0011394059,0.49019098,0.23990417,0.26325127,0.28534976,0.002169536
S1052,0.015611533,0.0806036,0.40747765,0.03667179,0.009548403,0.06590516,0.29339084,0.08840205,0.07889561,0.0072559225
S1053,0.012418427,0.006615305,0.0034116115,0.26488698,0.0017342822,0.014785658,0.30887094,0.09364932,0.059796125,0.004920215
S1054,0.07455499,0.009669952,0.015413238,0.08878086,0.0007659573,0.047400244,0.01831745,0.059477706,0.043986555,0.0044411737
S1055,0.02380032,0.017198272,0.0061094393,0.085439205,0.0007256129,0.02258439,0.018156642,0.22052424,0.010545632,0.005100288
S1056,0.012812894,0.0151798,0.019545456,0.03416336,0.0031534936,0.01641714,0.07306855,0.14360185,0.5523209,0.0023760532
S1057,0.07199112,0.1645829,0.014512047,0.4330806,0.0029502416,0.026988005,0.15201473,0.07757467,0.1506254,0.0027498507
S1058,0.0036224239,0.073525056,0.07397025,0.0986442,0.0018638453,0.021312313,0.1992039,0.0036734059,0.05153982,0.0029062014
S1059,0.006589428,0.0047117188,0.10322172,0.12061759,0.0012005148,0.026307547,0.26589587,0.0045517622,0.08666027,0.0034958473
S1060,0.019175177,0.5643621,0.002628128,0.040789057,0.0026917448,0.012422949,0.09753576,0.44296747,0.12759207,0.004542376
S1061,0.05585098,0.023202337,0.015172803,0.039595343,0.0006965824,0.032861073,0.022570116,0.2622608,0.28531525,0.0019181427
S1062,0.023781152,0.055154316,0.54654056,0.13514693,0.0008582498,0.012579694,0.020346662,0.08082175,0.023011446,0.010181453
S1063,0.008128437,0.015041166,0.010688432,0.3655911,0.0019275133,0.06888881,0.7841325,0.010451229,0.18827519,0.00204993
S1064,0.11162728,0.42244586,0.031373654,0.08318653,0.0033365723,0.039903037,0.37035406,0.19681571,0.48394656,0.0018854423
S1065,0.015190903,0.006222383,0.00317303,0.0085412,0.0030350767,0.017371424,0.52272767,0.28553918,0.3287255,0.0031795325
S1066,0.0029226285,0.041386478,0.16756764,0.21249536,0.0011394059,0.08575123,0.667771,0.00508157,0.11677536,0.004494683
S1067,0.039750837,0.3325892,0.027825166,0.06901036,0.0030350767,0.05925831,0.111748956,0.03670801,0.21308619,0.0038503474
S1068,0.013828827,0.16140413,0.011684014,0.089735106,0.0012528277,0.061631765,0.13831475,0.013722925,0.39286548,0.0019214564
S1069,0.006838082,0.03351426,0.07818934,0.08807336,0.0011394059,0.09802284,0.13652278,0.0055049597,0.27290353,0.007647491
S1070,0.005746287,0.01026181,0.04801523,0.05888787,0.0015343766,0.035152584,0.08122178,0.0051462986,0.20399806,0.0030790018
S1071,0.007278851,0.05828564,0.03801117,0.09496714,0.0011394059,0.06364795,0.47051919,0.0038221118,0.59560513,0.0029393043
S1072,0.111376464,0.043530483,0.009042796,0.12762554,0.0006965824,0.01793987,0.029057551,0.17118315,0.07196156,0.0010899963
S1073,0.043317053,0.010144067,0.02185009,0.013801231,0.000835708,0.009422216,0.010523076,0.016827684,0.015440462,0.0038046949
S1074,0.060965676,0.38274595,0.009940594,0.19518627,0.0017342822,0.0138788195,0.07958061,0.057150614,0.27271932,0.002433113
S1075,0.005357502,0.034679957,0.32887065,0.059392996,0.0015343766,0.07932259,0.63264996,0.0062500816,0.07542861,0.002949159
S1076,0.31201085,0.17336221,0.018840713,0.19355111,0.0030350767,0.10037637,0.33387595,0.032361023,0.5873023,0.0027824447
S1077,0.016906993,0.022548787,0.3982809,0.039137404,0.0007899134,0.019756442,0.027376348,0.014181437,0.5779615,0.0018523945
S1078,0.025245065,0.023295213,0.0031130295,0.06718231,0.0006598897,0.124059215,0.019725116,0.33333433,0.030331599,0.0020213742
S1079,0.15413986,0.020818094,0.045051295,0.8962857,0.0015343766,0.041014142,0.08917016,0.018931946,0.6047709,0.0028700093
S1080,0.018709928,0.013903262,0.0130465105,0.0409927,0.0018272375,0.007492918,0.034849316,0.018229738,0.49885145,0.0022247562
S1081,0.032773346,0.064239256,0.019370666,0.066401534,0.004728589,0.011943804,0.044949252,0.012899242,0.25894234,0.0025642626
S1082,0.014057459,0.013152496,0.0072754472,0.53984797,0.0017342822,0.053801004,0.26150963,0.04742037,0.15760668,0.0061169746
S1083,0.692714,0.08888462,0.015948635,0.93587625,0.0015343766,0.2663314,0.21619058,0.3408473,0.89292336,0.0040851217
S1084,0.0076510464,0.022232283,0.0639134,0.049911536,0.0019161025,0.11552522,0.0743475,0.015292949,0.48163015,0.0026519417
S1085,0.0044103498,0.011111047,0.0267247,0.07684006,0.0015343766,0.016897358,0.67308444,0.0036003909,0.113838896,0.0026825313
S1086,0.17093097,0.0047817645,0.03334896,0.024075475,0.0006598897,0.100610614,0.030620644,0.029005613,0.076672964,0.0032824448
S1087,0.1642801,0.017002039,0.022493169,0.47723034,0.0018381202,0.36031765,0.36394182,0.022109536,0.20559467,0.0024174165
S1088,0.010299363,0.0146628,0.02767313,0.0126167135,0.0029736455,0.010539171,0.007775697,0.012745717,0.3459068,0.0030702632
S1089,0.020538243,0.015864974,0.0021881952,0.015259925,0.0007256129,0.04353343,0.026187569,0.015125792,0.19043826,0.0018223494
S1090,0.045175456,0.0075596096,0.0093718,0.06849248,0.0007256129,0.022594893,0.015627371,0.06861476,0.03818261,0.0047273594
S1091,0.005798306,0.0058889803,0.003285479,0.022903448,0.0026917448,0.017371424,0.30960906,0.09771096,0.11812622,0.0032756173
S1092,0.005844309,0.012123859,0.41760227,0.0197743,0.0011394059,0.027083823,0.05071932,0.0050161732,0.046881795,0.003850404
S1093,0.07043616,0.061152518,0.09645504,0.0505505,0.0017958458,0.028355658,0.17118983,0.03608667,0.78007096,0.0030768907
S1094,0.003209896,0.24619193,0.039954156,0.022176549,0.0025093094,0.009300136,0.00643985,0.0059982627,0.15718842,0.0030934233
S1095,0.009805913,0.020144707,0.0144219715,0.07428775,0.0020308045,0.015077251,0.006821402,0.009531493,0.9538977,0.0017326922
S1096,0.0036052812,0.030113064,0.06906024,0.12632746,0.0025093094,0.0390461,0.016556056,0.0048373183,0.13360716,0.003589251
S1097,0.0045236195,0.019706892,0.026490359,0.01657624,0.0012005148,0.0072636614,0.012494988,0.0032670752,0.2769311,0.003963872
S1098,0.018127963,0.024365265,0.036271702,0.07366399,0.003151454,0.0134597495,0.004717252,0.023150455,0.19386236,0.0059982915
S1099,0.019652339,0.09795039,0.00846536,0.014363449,0.009371261,0.0342329,0.008457619,0.024493614,0.51103246,0.004960049
S1100,0.006101346,0.016406279,0.04222507,0.04605934,0.00071537384,0.017811628,0.014280613,0.053957254,0.11787501,0.0012720592
S1101,0.0032948956,0.008752178,0.49816024,0.037318405,0.00094596104,0.015224133,0.03757647,0.07991753,0.01575546,0.011116859
S1102,0.28186807,0.01089232,0.024642183,0.08929657,0.0006965824,0.019085295,0.008116417,0.15327318,0.08267329,0.0014799633
S1103,0.040065933,0.007996747,0.01636606,0.1981972,0.0007256129,0.08276928,0.015096523,0.08007585,0.0144442,0.0040371977
S1104,0.1387904,0.017886996,0.12349005,0.7163786,0.0023817385,0.33447123,0.7917124,0.051579572,0.25387025,0.0028700093
S1105,0.005297172,0.16471273,0.005983358,0.02531531,0.0011394059,0.046047915,0.05902398,0.0033786667,0.17176327,0.0019377938
S1106,0.0035188978,0.0102591375,0.10189184,0.060633585,0.001769031,0.016134681,0.07767783,0.004580521,0.24482702,0.0034958473
S1107,0.017465431,0.023044031,0.0064709196,0.089124836,0.0007256129,0.03080993,0.011798712,0.055253487,0.021435905,0.002917629
S1108,0.045747995,0.05148572,0.053937104,0.029713962,0.0011394059,0.018532673,0.45997268,0.006675185,0.1961838,0.0037724772
S1109,0.26727992,0.28622553,0.030513922,0.07898132,0.0030350767,0.07946634,0.12645318,0.03886822,0.20915033,0.0042291367
S1110,0.0027847427,0.046157945,0.021604637,0.08406213,0.004728589,0.0134768635,0.0289684,0.022788843,0.5566262,0.0022339255
S1111,0.005449538,0.11961413,0.04850004,0.03968567,0.0011394059,0.061158046,0.54653215,0.003551581,0.15820983,0.0020616828
S1112,0.13593689,0.1041791,0.43564773,0.11104101,0.0011394059,0.24412146,0.2719025,0.017818704,0.11727794,0.0030622215
S1113,0.008417422,0.014065934,0.0082267085,0.00527514,0.002822535,0.013548625,0.07198309,0.006535323,0.53657323,0.0024531318
S1114,0.008567495,0.010579514,0.37845838,0.02146716,0.0007213362,0.007247498,0.013562347,0.04809709,0.011726588,0.008485448
S1115,0.0074991053,0.01403704,0.003616821,0.006356161,0.00357876,0.013498791,0.018034969,0.010647592,0.70191085,0.0036467386
S1116,0.004296411,0.08144058,0.032511633,0.23850654,0.0011394059,0.062057868,0.18361911,0.006554924,0.06308388,0.0028478247
S1117,0.0049575693,0.044264164,0.026442626,0.05645952,0.0011394059,0.029655352,0.27165803,0.0049481383,0.2006044,0.0026752786
S1118,0.015898302,0.13577534,0.012855679,0.011464052,0.00391334,0.0072775832,0.012888372,0.02980437,0.6422867,0.0034759804
S1119,0.0063849012,0.163727,0.0069878353,0.01644041,0.0054825805,0.06147757,0.02959944,0.23460747,0.0862687,0.0054576774
S1120,0.010937875,0.034094058,0.0286689,0.003887391,0.003896658,0.009758233,0.013791052,0.012900061,0.9596844,0.0027217295
S1121,0.03333345,0.11510534,0.011328105,0.008095713,0.003791798,0.009832985,0.01377473,0.076152384,0.52908486,0.0034759804
S1122,0.07304974,0.066974714,0.07776899,0.06550393,0.0017958458,0.048248924,0.15907821,0.04642248,0.7895057,0.0032626947
S1123,0.0075619486,0.020285547,0.2164442,0.120406136,0.014352706,0.021436056,0.07444008,0.09856077,0.48677844,0.05012546
S1124,0.03178576,0.026360512,0.021200633,0.013918587,0.009371261,0.042640436,0.054796543,0.15109487,0.6937137,0.003879614
S1125,0.005134223,0.016742757,0.031709246,0.14087315,0.0011394059,0.024214465,0.10093967,0.0021614681,0.34591267,0.0040013343
S1126,0.0063748993,0.008223737,0.011518736,0.30478236,0.0016090217,0.020838978,0.47335726,0.0039471574,0.1591989,0.0030790018
S1127,0.021070374,0.017667025,0.50079006,0.23825799,0.05249998,0.035187196,0.4927363,0.37169904,0.2430136,0.060414802
S1128,0.13793655,0.027893312,0.10588624,0.05080762,0.0011394059,0.042898092,0.22738425,0.019823749,0.09703168,0.0017982159
S1129,0.07948352,0.021971513,0.008616831,0.42080626,0.0007659573,0.055832792,0.023054672,0.24758425,0.043887135,0.00093268085
S1130,0.11715566,0.076880455,0.023109494,0.32318276,0.0017342822,0.20353,0.11656043,0.1341048,0.041493297,0.0036825358
S1131,0.8042395,0.2611956,0.0056313784,0.8012589,0.0011394059,0.39379513,0.64850265,0.4952752,0.8234194,0.002171337
S1132,0.004870654,0.0067120097,0.010481986,0.005808469,0.0051418496,0.010245986,0.0077425726,0.013162235,0.9282163,0.0018942795
S1133,0.0124903405,0.19573155,0.01648819,0.007194146,0.003791798,0.014142431,0.01185254,0.040463753,0.6369917,0.003686891
S1134,0.018810455,0.06605808,0.016908832,0.04440912,0.000835708,0.022018686,0.01409422,0.20255992,0.24807407,0.005066482
S1135,0.085765116,0.010479959,0.010906869,0.8519987,0.0023817385,0.023946142,0.029215189,0.046547107,0.28429878,0.0024718647
S1136,0.121895604,0.03518118,0.013671783,0.10452713,0.0006965824,0.009640097,0.008775309,0.34937975,0.035426524,0.0026579418
S1137,0.007064809,0.055471055,0.061794482,0.03118139,0.0007870267,0.012212355,0.011296884,0.11156183,0.025329676,0.017316366
S1138,0.0062116305,0.016625453,0.1416431,0.0656885,0.0015343766,0.010084021,0.46261752,0.0041911085,0.36224905,0.003135341
S1139,0.050833255,0.1366795,0.005256612,0.071474686,0.0011394059,0.061926674,0.048573203,0.013949491,0.17174447,0.0020054728
S1140,0.6911522,0.068893045,0.0071812593,0.91659003,0.0015343766,0.26995766,0.25187334,0.15300646,0.7478116,0.0038529728
S1141,0.011720926,0.011868373,0.002628128,0.012833,0.0030350767,0.014801344,0.04672444,0.53173286,0.07690119,0.005139982
S1142,0.012654603,0.006089955,0.002628128,0.03212763,0.0026917448,0.017027333,0.02912667,0.39401138,0.08013877,0.0044220923
S1143,0.008650775,0.07224076,0.12354583,0.101373464,0.0011394059,0.014171826,0.30724993,0.0030162642,0.29136482,0.003135341
S1144,0.0060210703,0.106871486,0.08275154,0.045400035,0.013015,0.022297332,0.047105104,0.11072669,0.22587606,0.06392167
S1145,0.0055958973,0.10541301,0.014475758,0.039960824,0.0011394059,0.037160806,0.34042814,0.0064424933,0.14983447,0.002883811
S1146,0.073440716,0.115611374,0.0034120118,0.18640895,0.0012528277,0.1539683,0.1476524,0.39058638,0.31641757,0.0014346944
S1147,0.026214195,0.016292693,0.013612267,0.062671125,0.000835708,0.03149199,0.013299337,0.06067234,0.011507986,0.0038565942
S1148,0.011591896,0.00809703,0.013093743,0.007156037,0.0062746163,0.015903996,0.009519959,0.008346128,0.6833537,0.0040818155
S1149,0.005411351,0.09660955,0.02604109,0.13199888,0.0011394059,0.038051635,0.30342928,0.006091638,0.113506645,0.003802413
S1150,0.009800901,0.020679627,0.007399399,0.066929735,0.0038493066,0.01917917,0.0130709885,0.016494619,0.5094024,0.0027662076
S1151,0.010123571,0.07512312,0.030042376,0.057902362,0.0012005148,0.08368315,0.061292965,0.030282853,0.10769221,0.004727225
S1152,0.0056982697,0.002820897,0.09276019,0.07326478,0.0015343766,0.010317173,0.056445096,0.012056982,0.3124729,0.0029281836
S1153,0.014676282,0.0097334385,0.090637736,0.05106574,0.000835708,0.02227935,0.029425813,0.08932977,0.017193565,0.0040224306
S1154,0.006683449,0.07220193,0.26346457,0.011493881,0.0007870267,0.012606691,0.013410699,0.07015863,0.0174007,0.016033787
S1155,0.022393683,0.07666967,0.046534155,0.11870703,0.0011394059,0.08134422,0.5267039,0.040081598,0.06746664,0.0018559633
S1156,0.019284828,0.099222094,0.01901886,0.11561946,0.0011394059,0.15959023,0.7155186,0.015779695,0.26398292,0.001730068
S1157,0.0031343293,0.030095356,0.016636308,0.10040503,0.0016166345,0.07080931,0.092863105,0.0060600406,0.052891623,0.0031384276
S1158,0.015156864,0.006239379,0.004082775,0.0655998,0.0017342822,0.04595549,0.09487147,0.031780325,0.10560913,0.027692981
S1159,0.009088021,0.0074203955,0.011441771,0.524439,0.0016090217,0.07356581,0.86123526,0.013073817,0.1112454,0.00204993
S1160,0.02840419,0.030049505,0.123466656,0.4382991,0.0038364925,0.026520932,0.014391877,0.15696749,0.18971886,0.0033661695
S1161,0.007875838,0.08028255,0.0058841775,0.02516067,0.0011394059,0.16037154,0.41569737,0.0046673953,0.10558992,0.0014116538
S1162,0.04500101,0.0540214,0.015623514,0.01460415,0.004728589,0.01747002,0.23945767,0.07977234,0.16298634,0.0022124085
S1163,0.008226549,0.0119972965,0.108642675,0.06532714,0.0015343766,0.009732427,0.03474234,0.0042734863,0.31278563,0.0028700093
S1164,0.0077233636,0.045896646,0.38186935,0.11080804,0.0015343766,0.0744652,0.5557177,0.0058660805,0.11695567,0.0032554406
S1165,0.006865777,0.01975435,0.04118323,0.59322464,0.0015343766,0.037397288,0.13194144,0.005612652,0.14762484,0.003274375
S1166,0.06464121,0.031411063,0.005022356,0.22094235,0.0011394059,0.21182244,0.14525007,0.15864296,0.20942734,0.0013080811
S1167,0.006632675,0.01871953,0.015595941,0.0797946,0.0033727507,0.026086632,0.1991368,0.018109016,0.19618335,0.002520393
S1168,0.012203792,0.077045746,0.055982724,0.1821995,0.0011394059,0.0845622,0.33166662,0.047009766,0.07579825,0.0020969512
S1169,0.0140890265,0.022837682,0.009717562,0.5399009,0.0019275133,0.15562823,0.9267548,0.015133748,0.12398182,0.0019106534
S1170,0.1340661,0.13168378,0.02230748,0.09046193,0.0006598897,0.080105156,0.057182107,0.061782468,0.13029335,0.0013045514
S1171,0.0034102448,0.1019011,0.022376081,0.052526195,0.0011394059,0.12284881,0.6945641,0.003361476,0.23372424,0.0017130474
S1172,0.028631762,0.021273896,0.008271919,0.07797848,0.0007256129,0.030697025,0.020163761,0.20408067,0.015967354,0.005100288
S1173,0.009049814,0.11065208,0.008871628,0.17482531,0.0013569826,0.07100118,0.14822452,0.005747148,0.17452608,0.0026196586
S1174,0.18441196,0.1517288,0.47446868,0.51095736,0.0011394059,0.49152786,0.25611034,0.09890336,0.1324847,0.0032269843
S1175,0.10308751,0.10552016,0.00835297,0.52708405,0.0011394059,0.02597514,0.24607846,0.039030824,0.7568285,0.0061609605
S1176,0.005037251,0.031510517,0.014743084,0.4088186,0.0012589386,0.0430112,0.6995277,0.0045654224,0.27952904,0.0026294007
S1177,0.0052050357,0.120468736,0.025052277,0.062688015,0.0011394059,0.048588973,0.47966117,0.003639718,0.12814814,0.0020616828
S1178,0.011508051,0.025627181,0.007569328,0.75645274,0.0019161025,0.015760237,0.03523263,0.007936628,0.47293288,0.0026220095
S1179,0.10703898,0.09555468,0.016649185,0.09745128,0.0011394059,0.13172396,0.10578784,0.023029232,0.75039035,0.0012071473
S1180,0.007847246,0.0062793246,0.29867268,0.015847808,0.0017342822,0.0048574796,0.100835145,0.0022937134,0.357944,0.0034160223
S1181,0.01076889,0.10139594,0.030270183,0.03334635,0.0022090056,0.010261567,0.0044749733,0.019566022,0.5275889,0.006402708
S1182,0.6952874,0.017190544,0.022732398,0.92635757,0.0015343766,0.4218835,0.38415265,0.2941919,0.87245303,0.0038529728
S1183,0.016331019,0.06498051,0.14149606,0.013087877,0.0031426703,0.042629953,0.20387198,0.0554775,0.1380637,0.0050132517
S1184,0.01996343,0.16936092,0.008364709,0.040559873,0.0036201735,0.012556799,0.01103348,0.16179588,0.36410597,0.0056716125
S1185,0.02930742,0.0072930227,0.013655602,0.16766487,0.0012672305,0.06251763,0.14968303,0.008274035,0.51917654,0.0032678281
S1186,0.005688768,0.014026867,0.026836665,0.086414926,0.0012005148,0.034414295,0.032594007,0.005346737,0.105443336,0.0024173683
S1187,0.012843413,0.018284973,0.0038114765,0.020261178,0.0026917448,0.014785658,0.031502087,0.6063725,0.07655476,0.0025024393
S1188,0.0042406246,0.047611985,0.23414192,0.7332247,0.0011394059,0.12480905,0.80998665,0.016584931,0.046641678,0.0028132962
S1189,0.018689616,0.14673755,0.005805,0.08146978,0.0011394059,0.08127316,0.15942523,0.013561472,0.26735225,0.00283487
S1190,0.012065119,0.059379786,0.040243614,0.024688646,0.0019176551,0.02673851,0.008266249,0.012854928,0.91616076,0.0031655924
S1191,0.0036565217,0.17421219,0.044896767,0.107377544,0.0016166345,0.0074793207,0.016358472,0.009201555,0.12492112,0.003589251
S1192,0.009645953,0.07211958,0.06241955,0.23305003,0.0011394059,0.057672657,0.048167616,0.003893528,0.33148038,0.004175434
S1193,0.64924586,0.005292724,0.039188795,0.029107919,0.0011394059,0.052195746,0.092778325,0.013498093,0.06575833,0.0018681233
S1194,0.060741335,0.10166357,0.6507427,0.042719264,0.0011394059,0.10595678,0.19422986,0.009903664,0.09052141,0.0018205201
S1195,0.08501249,0.14252551,0.0055893366,0.019800067,0.005369486,0.03323757,0.019319357,0.05701811,0.4576043,0.0045459582
S1196,0.0054638926,0.027662408,0.087541655,0.041862562,0.0012005148,0.010601209,0.08870661,0.004301773,0.10053051,0.0091886
S1197,0.016378187,0.012606791,0.004523503,0.112122476,0.0006598897,0.12711017,0.035749618,0.103291675,0.084815204,0.0017084773
S1198,0.25689217,0.11098962,0.01841741,0.09951142,0.0011394059,0.098668404,0.31133285,0.02802227,0.3538474,0.0021592428
S1199,0.1076837,0.12674788,0.22477111,0.07641662,0.0011394059,0.08198517,0.24727854,0.015956681,0.10790888,0.00439189
S1200,0.025821615,0.024777949,0.015640264,0.008678808,0.002346751,0.025298122,0.010911468,0.0035051252,0.699416,0.0024718647
S1201,0.007873383,0.01666486,0.012422527,0.24970299,0.0029913355,0.099334784,0.21036941,0.0042624767,0.29082063,0.0028129942
S1202,0.008276207,0.026603695,0.0044301697,0.009667723,0.0029233915,0.00672721,0.013831291,0.017192647,0.93533236,0.0038679705
S1203,0.05868685,0.04169756,0.027186258,0.015633909,0.000835708,0.020917803,0.027296612,0.07283005,0.021168457,0.008135771
S1204,0.0043274895,0.010821199,0.2560385,0.060917664,0.0015343766,0.017258808,0.26295733,0.0026524754,0.06726428,0.003264933
S1205,0.0069897147,0.034690533,0.0468939,0.124424495,0.0011394059,0.031892598,0.18771729,0.003980237,0.30281624,0.004281049
S1206,0.005277818,0.07053839,0.21235013,0.03757596,0.0011394059,0.03894836,0.40866357,0.0045624697,0.20068148,0.004154752
S1207,0.022455776,0.30842996,0.015683806,0.113878235,0.0030350767,0.19621019,0.254089,0.039190024,0.26247698,0.0019992818
S1208,0.25368488,0.03821594,0.0039525866,0.09911334,0.0006965824,0.019553075,0.012091623,0.16325428,0.04300218,0.001516519
S1209,0.28360713,0.0068480377,0.008375185,0.022675486,0.0006598897,0.09392113,0.030486954,0.018460464,0.044769444,0.0017853251
S1210,0.004944095,0.053111862,0.10959695,0.047659904,0.0011394059,0.05048095,0.27636892,0.0039785816,0.06653475,0.0016202759
S1211,0.018144088,0.17679694,0.060892973,0.017317671,0.0008387731,0.011832201,0.02377483,0.0903113,0.040613074,0.0015248148
S1212,0.014460615,0.012704962,0.0056143743,0.09858931,0.006123974,0.024401454,0.006670419,0.019665187,0.5288136,0.0036894772
S1213,0.005274727,0.09324271,0.41698387,0.044815946,0.0011119456,0.01330132,0.016472168,0.10236603,0.0361781,0.019180393
S1214,0.0033801156,0.14058875,0.025306147,0.04062471,0.0021018013,0.00846524,0.008950623,0.007842488,0.24012895,0.009013096
S1215,0.80589825,0.15894124,0.009393402,0.4931035,0.0011394059,0.44035047,0.3189034,0.5502506,0.52509546,0.002169536
S1216,0.006426891,0.00921953,0.043658834,0.062402267,0.0015343766,0.03514804,0.5166696,0.0030211865,0.5925904,0.0027636387
S1217,0.013989688,0.04674935,0.007242124,0.025404725,0.0025093094,0.006433361,0.013276717,0.009208213,0.605593,0.003053144
S1218,0.019754993,0.060475837,0.0038506745,0.092126325,0.0011394059,0.056613628,0.1289069,0.095759965,0.18870102,0.0026102243
S1219,0.0076826112,0.010429872,0.008730648,0.010006218,0.0037679817,0.009058503,0.016565865,0.01145416,0.60140324,0.0027510526
S1220,0.013511992,0.0072048134,0.005613626,0.45352486,0.0017342822,0.041970022,0.20489864,0.03585813,0.13269745,0.005457499
S1221,0.004508147,0.0417937,0.07174365,0.41551566,0.0011394059,0.18199362,0.76528007,0.0036056992,0.2992461,0.0033067395
S1222,0.013252277,0.006239379,0.008766706,0.044207606,0.0017342822,0.044863258,0.14268139,0.04073626,0.15639387,0.008526261
S1223,0.004093317,0.06189482,0.08534164,0.04908807,0.0011394059,0.022370866,0.10806034,0.0037656338,0.058263946,0.0031720586
S1224,0.011309615,0.10169473,0.007807636,0.0072113313,0.005775696,0.018743759,0.011562209,0.032181416,0.4662687,0.005185586
S1225,0.0066505815,0.012824189,0.2587703,0.022786152,0.0007870267,0.011821879,0.01317921,0.07099805,0.015853105,0.009459249
S1226,0.014460615,0.012704962,0.004628593,0.07735835,0.0066698883,0.022821264,0.0074439747,0.017307717,0.50235444,0.0036894772
S1227,0.026888227,0.01690236,0.058356334,0.016329262,0.000835708,0.020070054,0.015344549,0.05940938,0.108343914,0.0042766063
S1228,0.003528104,0.17935045,0.017657759,0.39342478,0.0013569826,0.03305507,0.18175001,0.0034987472,0.29616916,0.0022185494
S1229,0.0075630727,0.014083019,0.014876641,0.021351757,0.003151454,0.023451056,0.118714936,0.008524519,0.18901038,0.0021745015
S1230,0.016329493,0.010908572,0.016938765,0.38619846,0.0029736455,0.076300934,0.005190678,0.025522592,0.56165755,0.002631326
S1231,0.013070047,0.030313073,0.1206765,0.20693317,0.004379693,0.019396212,0.12719317,0.015211198,0.064201094,0.0038346832
S1232,0.005497139,0.09345822,0.046272907,0.19768125,0.0011394059,0.12335402,0.44604427,0.00438971,0.12458706,0.0014329869
S1233,0.19117676,0.015976159,0.47209197,0.4642421,0.0015343766,0.20133522,0.8926846,0.0344266,0.08199546,0.00294253
S1234,0.02080351,0.012412025,0.007303597,0.5079401,0.0017342822,0.0357244,0.2860134,0.05949184,0.039650757,0.0064058728
S1235,0.019554505,0.037371643,0.013071339,0.055377945,0.0025210008,0.008638692,0.031427916,0.10973176,0.26999515,0.0051311455
S1236,0.006735448,0.016456153,0.0075617917,0.018763982,0.0033528127,0.013910716,0.022633608,0.030823767,0.58806926,0.0023967104
S1237,0.069019265,0.042957757,0.027368605,0.05527237,0.0006598897,0.10634946,0.054565568,0.003580415,0.14498895,0.0018731751
S1238,0.008463143,0.022370845,0.011194904,0.21859619,0.0033727507,0.019147271,0.346581,0.02378237,0.24730472,0.002520393
S1239,0.22124112,0.28307077,0.009926352,0.381712,0.0011394059,0.06467884,0.45649838,0.13393788,0.9069941,0.0025160573
S1240,0.00805603,0.09374514,0.23724437,0.0124095185,0.0007870267,0.0116386525,0.015488379,0.109593324,0.025958678,0.007689361
S1241,0.004317559,0.050462704,0.04189424,0.05645952,0.0011394059,0.028865166,0.3982321,0.002974826,0.10110715,0.0028022723
S1242,0.021204304,0.16860029,0.022764362,0.007939451,0.0007870267,0.011379918,0.020898344,0.21259078,0.023762682,0.019659098
S1243,0.019668134,0.014446338,0.07045138,0.031659484,0.0008442441,0.020848865,0.044566836,0.1517614,0.01755677,0.005818114
S1244,0.036392264,0.05277892,0.0061688283,0.005337,0.0006598897,0.0125126215,0.0057517732,0.023451969,0.082257316,0.0014925381
S1245,0.0022697775,0.11853803,0.032159176,0.023770941,0.0018272375,0.013157732,0.056250747,0.0052312855,0.113171786,0.0036334584
S1246,0.45529252,0.053491864,0.007984855,0.40993795,0.0042721513,0.39633575,0.06896813,0.24076685,0.15653506,0.002367563
S1247,0.054271556,0.08609518,0.66567916,0.056866817,0.0011394059,0.09550196,0.13371615,0.010597818,0.10324171,0.0020663657
S1248,0.0042033573,0.009210219,0.043383732,0.083787434,0.001769031,0.022718944,0.49687114,0.005443417,0.09414683,0.0028037026
S1249,0.009648973,0.036912024,0.04557896,0.4253536,0.0016952746,0.14975584,0.11643243,0.010843307,0.14863904,0.0026094774
S1250,0.0042152437,0.007013718,0.36383092,0.025396498,0.0017342822,0.0040059243,0.04190462,0.0032570781,0.44057602,0.0034160223
S1251,0.018414441,0.023541987,0.03520355,0.016040431,0.0007659573,0.011316432,0.01213819,0.05175512,0.01266616,0.0026512635
S1252,0.00642665,0.3449109,0.008121754,0.010150533,0.0036322675,0.007814795,0.0057122223,0.010489284,0.41039923,0.003686891
S1253,0.03514484,0.20823179,0.01481074,0.0073759193,0.0033631537,0.01205747,0.0076969913,0.100683056,0.35992575,0.0036270665
S1254,0.04622393,0.006727267,0.014545453,0.008044211,0.00078742247,0.0047606938,0.018295623,0.05354268,0.06652508,0.011682726
S1255,0.010081565,0.0139700025,0.02606215,0.14071073,0.0023480242,0.008176788,0.09877308,0.035136368,0.7806289,0.0069300807
S1256,0.0039249295,0.037525922,0.015737642,0.676622,0.0013569826,0.04101577,0.11737215,0.003094572,0.27848604,0.0022185494
S1257,0.0036803496,0.21324292,0.0308389,0.039794967,0.0011394059,0.047837015,0.13291283,0.00653146,0.064036734,0.0019001584
S1258,0.01776342,0.040724006,0.04558615,0.21159063,0.0036228762,0.02157625,0.09102004,0.0676764,0.7037404,0.0039492594
S1259,0.007664855,0.03603642,0.0061335065,0.0054265806,0.0058827307,0.008848898,0.014239357,0.015350134,0.93740815,0.0034106094
S1260,0.013607561,0.0063085873,0.0032448438,0.28780562,0.0017342822,0.015425645,0.6105586,0.07320253,0.06752519,0.0030617819
S1261,0.01156525,0.020537272,0.014210986,0.0979883,0.003151454,0.028265921,0.13135917,0.014913423,0.12418213,0.0023967104
S1262,0.013390707,0.011832134,0.10180381,0.045712486,0.000835708,0.016529448,0.012282956,0.055330537,0.017470071,0.0042765937
S1263,0.0051544127,0.036420073,0.01078499,0.026619634,0.00074594835,0.043695256,0.058105126,0.004894729,0.06777779,0.0051049525
S1264,0.026599057,0.014016193,0.022125244,0.109194055,0.0007256129,0.0556866,0.019334698,0.10903659,0.09330862,0.0020827756
S1265,0.05273667,0.041778356,0.06635381,0.021016998,0.0011394059,0.07116181,0.11792681,0.004677354,0.20773149,0.0018681233
S1266,0.11390631,0.13941374,0.019465396,0.7178921,0.0011394059,0.13942483,0.4144331,0.11681965,0.2778191,0.001455539
S1267,0.13901351,0.12416328,0.0061682845,0.13974479,0.0006598897,0.120902635,0.1169686,0.030329712,0.23366404,0.0017468651
S1268,0.020088345,0.09364848,0.007231364,0.019701494,0.004700444,0.030485554,0.015702957,0.03761709,0.4849661,0.003686891
S1269,0.006216633,0.027624443,0.06632311,0.019914223,0.0007870267,0.010690948,0.011637052,0.18431038,0.016534045,0.011489092
S1270,0.0029110792,0.05449581,0.010796793,0.13816454,0.0013569826,0.043429818,0.58968306,0.0026205087,0.08853667,0.002656107
S1271,0.83392644,0.13321248,0.006073039,0.53704125,0.0011394059,0.6007126,0.42481312,0.2712136,0.23005526,0.002169536
S1272,0.17225014,0.010040285,0.08710018,0.5665664,0.0012424778,0.24441035,0.7718922,0.0071742083,0.047796503,0.0027925223
S1273,0.0037386743,0.012558124,0.008997909,0.08131249,0.0033727507,0.01340318,0.14047399,0.027886938,0.08063988,0.002520393
S1274,0.016614573,0.01665686,0.09079853,0.041792523,0.000835708,0.02971758,0.015927933,0.092885,0.03449761,0.005323361
S1275,0.012929105,0.0057830997,0.056044895,0.18741904,0.0007256129,0.069515444,0.016379416,0.08936663,0.031648047,0.003370951
S1276,0.007493291,0.0152278505,0.06799984,0.68582654,0.0025093094,0.12357283,0.47002766,0.0052312976,0.09977845,0.0022791862
S1277,0.01725521,0.11605313,0.0154115725,0.010533473,0.007707257,0.022583364,0.004821629,0.048634835,0.5817873,0.006471757
S1278,0.0042679566,0.023071764,0.31811753,0.024292972,0.00078849506,0.013107348,0.020375144,0.055443402,0.061231215,0.02373356
S1279,0.010485375,0.013707658,0.015956426,0.046613783,0.0019161025,0.012899588,0.028067665,0.013988084,0.8190785,0.0017147517
S1280,0.07543161,0.07440688,0.7012372,0.037467517,0.0011394059,0.10295868,0.11927481,0.009247593,0.06421665,0.0022597795
S1281,0.022785164,0.010514451,0.007501264,0.0071062627,0.006666165,0.018674767,0.011573664,0.009716277,0.7658359,0.0045429105
S1282,0.0036281457,0.035592455,0.43799636,0.06396255,0.0007870267,0.010182644,0.015813611,0.07532042,0.014591297,0.017249227
S1283,0.009803506,0.06447649,0.48983464,0.08564268,0.0011394059,0.015976474,0.11635191,0.0033110846,0.19444327,0.003777726
S1284,0.050819695,0.008781952,0.010758766,0.042431727,0.0007916926,0.03433352,0.012656348,0.22387388,0.07677866,0.00325138
S1285,0.1439899,0.007836742,0.00944843,0.04117777,0.0006965824,0.03562573,0.017358836,0.028072102,0.017271826,0.0019122135
S1286,0.042470865,0.10444433,0.013522203,0.23514268,0.0011394059,0.092971295,0.4233016,0.005864652,0.19820604,0.0013663528
S1287,0.039471563,0.02034949,0.010864451,0.7474904,0.0028527458,0.029447904,0.023766872,0.029860934,0.3067585,0.0026220095
S1288,0.002994181,0.04748128,0.056111295,0.09328598,0.0018272375,0.0033377886,0.0039906534,0.0054347524,0.6677866,0.0027098632
S1289,0.109386265,0.11140288,0.3802144,0.07825654,0.0011394059,0.07465946,0.2768892,0.0121449325,0.066660166,0.0034744593
S1290,0.013874912,0.4285339,0.003285479,0.051575564,0.0026917448,0.014817436,0.14012785,0.13452625,0.096692026,0.0042247875
S1291,0.008720501,0.06280641,0.017337603,0.2411803,0.0011394059,0.054258466,0.4025053,0.01360815,0.11664749,0.0017794991
S1292,0.13970476,0.0053738346,0.052798398,0.07203275,0.0007256129,0.07349489,0.013016507,0.11109013,0.02808112,0.005639119
S1293,0.003025438,0.036076356,0.018588042,0.0051563126,0.0034357714,0.007763107,0.035159726,0.011620067,0.51646584,0.0042801956
S1294,0.013351824,0.006239379,0.0052594976,0.045826837,0.0017342822,0.040758505,0.15079232,0.029851617,0.11009906,0.0048481533
S1295,0.16636345,0.018373784,0.015489949,0.06039448,0.0006965824,0.010973934,0.009332473,0.26915967,0.11471032,0.002071079
S1296,0.0032688256,0.03180549,0.05182988,0.02358525,0.0012005148,0.005910943,0.009087239,0.0060928273,0.07563612,0.003589251
S1297,0.063697785,0.046033535,0.031157048,0.024010064,0.0011394059,0.011463673,0.47019246,0.004378548,0.17719992,0.0039338935
S1298,0.048476025,0.10483137,0.08972755,0.5465798,0.0011394059,0.070626825,0.5663427,0.046932496,0.19296902,0.0026440837
S1299,0.841094,0.11261683,0.11641632,0.18084112,0.0011394059,0.5103699,0.42519128,0.16366321,0.5698169,0.0022230546
S1300,0.017688712,0.13087861,0.0057492377,0.05373442,0.0012528277,0.112162136,0.05706479,0.033754535,0.40859178,0.0018223494
S1301,0.0054007107,0.0053855586,0.009974676,0.1128593,0.0015119865,0.057416677,0.7486212,0.0028906513,0.16062415,0.003199489
S1302,0.009502066,0.006043665,0.002664239,0.013840896,0.0006598897,0.014264578,0.034357805,0.05166865,0.24697396,0.00310553
S1303,0.030752644,0.0034135687,0.011436519,0.12567297,0.0007256129,0.13097318,0.023304109,0.20343433,0.04440952,0.0019805196
S1304,0.007256022,0.012497243,0.0062042787,0.88453555,0.0020308045,0.10341994,0.009405768,0.012296159,0.33193848,0.0024718647
S1305,0.034734163,0.018336035,0.034661077,0.065242246,0.0007916926,0.013924399,0.011257541,0.28723666,0.10142964,0.0043437593
S1306,0.021709345,0.010480033,0.009366334,0.035691176,0.0007916926,0.020865109,0.02679315,0.27020302,0.06868638,0.00277447
S1307,0.016230851,0.006169086,0.07085584,0.033514407,0.00086583657,0.010465688,0.026435342,0.17972907,0.05773762,0.005874568
S1308,0.017259033,0.052211504,0.33678356,0.036117848,0.0011119456,0.013202343,0.017174415,0.058258753,0.03116525,0.009496099
S1309,0.113634676,0.058139835,0.13250092,0.2443035,0.0011394059,0.15624571,0.08563454,0.018595638,0.1330792,0.0026440094
S1310,0.007133185,0.014497168,0.010213011,0.20750624,0.0024975035,0.059696734,0.2884933,0.011477011,0.07294562,0.00204993
S1311,0.9158987,0.141469,0.011847158,0.25026074,0.0011394059,0.55071545,0.27498305,0.16284274,0.2806249,0.0020963317
S1312,0.006795906,0.0075299456,0.009027277,0.005969959,0.002227426,0.016243428,0.007182392,0.010523673,0.8709809,0.0017655593
S1313,0.10947433,0.11491696,0.038207717,0.29876545,0.009371261,0.43988857,0.0493594,0.14458418,0.18437718,0.00398996
S1314,0.010951078,0.009816081,0.0040406925,0.03754974,0.007047476,0.019988028,0.014469991,0.030749401,0.5149951,0.0034899486
S1315,0.00935994,0.017242698,0.015022607,0.082413994,0.0011394059,0.17217045,0.2127318,0.009920815,0.13021164,0.0016192242
S1316,0.012542629,0.09149503,0.0030623046,0.14725351,0.0026917448,0.014785658,0.3283726,0.102218404,0.058296215,0.0041214568
S1317,0.015567804,0.0057650874,0.004003433,0.006285951,0.0032881359,0.017371424,0.40450388,0.41139147,0.34714192,0.0019236635
S1318,0.008616081,0.116839305,0.009438902,0.0130034285,0.0035532129,0.0046265903,0.01213783,0.0118286945,0.4610447,0.0034875015
S1319,0.06380536,0.17510948,0.005193087,0.037997123,0.005369486,0.03323757,0.0072364286,0.04857423,0.53034365,0.0045459582
S1320,0.006713694,0.09556235,0.1234476,0.122440524,0.0015343766,0.015918383,0.36750063,0.003793515,0.29185358,0.0030433582
S1321,0.015479445,0.060503256,0.031777676,0.17880403,0.0015343766,0.018247392,0.4815943,0.014061439,0.07527895,0.0027636387
S1322,0.006532698,0.03265302,0.061011422,0.15042835,0.0011394059,0.046220798,0.21492492,0.004696466,0.37719774,0.0049282317
S1323,0.0038179292,0.030113064,0.03474389,0.059113994,0.0025093094,0.032225136,0.014359851,0.004259756,0.05978058,0.0033686208
S1324,0.11217703,0.0124988835,0.20448829,0.8541165,0.0023817385,0.47228184,0.7956055,0.036701433,0.08584738,0.0028700093
S1325,0.0037667572,0.053111862,0.08817231,0.052775927,0.0011394059,0.018817216,0.4647875,0.003260414,0.08110958,0.002888463
S1326,0.0067090406,0.015458529,0.008637932,0.032628343,0.0024975035,0.016254144,0.16844131,0.012156821,0.47156227,0.0023255243
S1327,0.0040175887,0.0076029697,0.73214346,0.028092911,0.00094596104,0.018725198,0.03289659,0.092021145,0.014559368,0.008756308
S1328,0.012409874,0.025418825,0.037950147,0.6868629,0.0023817385,0.18479104,0.8840839,0.012097336,0.13196778,0.0027274434
S1329,0.0053658606,0.051374663,0.3689914,0.29448667,0.0011394059,0.08728857,0.81295484,0.009930473,0.070384525,0.003163897
S1330,0.6868005,0.016966602,0.00911318,0.9187044,0.0023817385,0.4095085,0.30973303,0.41452163,0.67017555,0.0038529728
S1331,0.004262845,0.17173575,0.012475634,0.043663338,0.0011394059,0.036553618,0.6431929,0.0029427134,0.04656789,0.004810159
S1332,0.004651362,0.008447376,0.060587417,0.019570157,0.0015343766,0.012413727,0.055826347,0.0030363973,0.6009046,0.0022128904
S1333,0.014198472,0.016960535,0.063309185,0.15341845,0.0007659573,0.098044276,0.010884735,0.1152433,0.018879859,0.00339167
S1334,0.0071266536,0.06406445,0.31569073,0.05218403,0.0011394059,0.04866691,0.14672618,0.0046057184,0.5110162,0.003850404
S1335,0.008067458,0.03581587,0.15432133,0.08212409,0.0011394059,0.17556097,0.2115265,0.0045675035,0.09191865,0.0057321973
S1336,0.025786001,0.19404197,0.0061513097,0.13081507,0.0053989054,0.026626103,0.005005141,0.033721574,0.8941834,0.00349905
S1337,0.005560356,0.009466865,0.21418387,0.1933663,0.0015343766,0.14679982,0.53080416,0.0031048835,0.10873241,0.003850404
S1338,0.83453244,0.10596956,0.032894697,0.40507698,0.0011394059,0.5306714,0.41659108,0.4051831,0.5396089,0.0023006739
S1339,0.006373426,0.050997827,0.038031325,0.054938443,0.0011394059,0.020722613,0.6393893,0.004175882,0.12738834,0.002888463
S1340,0.004476072,0.028395157,0.027869422,0.11659148,0.0016166345,0.029149987,0.068446845,0.0045989556,0.12210805,0.002426248
S1341,0.0022967153,0.052632086,0.029731888,0.015408658,0.002835873,0.007230747,0.01263645,0.0069507165,0.6636075,0.006032696
S1342,0.0070851515,0.021848276,0.010936899,0.17922291,0.0026469168,0.07641012,0.41549957,0.00408036,0.2538436,0.0018942795
S1343,0.17315087,0.09949455,0.047231678,0.44110867,0.0011394059,0.61964124,0.16644523,0.029776862,0.21949883,0.0043879137
S1344,0.018966952,0.08365072,0.04700743,0.14982511,0.0011394059,0.03580967,0.15142515,0.0069605876,0.55561393,0.0043083527
S1345,0.103036985,0.026247626,0.0069176774,0.012097661,0.0006598897,0.11963878,0.010323772,0.039193355,0.10767118,0.0015645594
S1346,0.02243889,0.011643892,0.10177484,0.16454843,0.000835708,0.052804552,0.014975962,0.053683773,0.021925429,0.0031460465
S1347,0.006947426,0.0044258265,0.008580312,0.006691827,0.0049102446,0.008784106,0.006319396,0.0132380985,0.9610946,0.0041860724
S1348,0.023586603,0.01649611,0.016903317,0.024317244,0.000835708,0.021230046,0.048807003,0.042781483,0.014536467,0.0065103737
S1349,0.008803987,0.028085224,0.16547087,0.4140764,0.0020308045,0.3188251,0.10633436,0.0043442976,0.22926086,0.0024526909
S1350,0.011711159,0.006501531,0.003285479,0.069610916,0.0026917448,0.015737886,0.06346357,0.19783612,0.06923688,0.0029602225
S1351,0.016538877,0.006239379,0.0068006483,0.33394247,0.0017342822,0.046419144,0.21157242,0.03241396,0.078814805,0.013973306
S1352,0.0983885,0.014718329,0.011170608,0.20129567,0.0006965824,0.016872078,0.019886605,0.23216392,0.09861535,0.0011419844
S1353,0.017642686,0.3192454,0.013196505,0.008509501,0.0057736593,0.008112137,0.009095978,0.028418958,0.6510475,0.0042082183
S1354,0.0051216437,0.060800597,0.03662392,0.36852354,0.0011394059,0.026266972,0.09711123,0.0056325505,0.43853483,0.0026371153
S1355,0.004476862,0.024745775,0.022226255,0.20297179,0.0025093094,0.018211398,0.052571733,0.0058438964,0.26045266,0.002426248
S1356,0.0035769902,0.006620916,0.020376705,0.03004228,0.0012879194,0.013868799,0.22821748,0.002922159,0.12098373,0.003269071
S1357,0.051436555,0.10603368,0.3977965,0.12228859,0.0011394059,0.20204999,0.21039486,0.052813616,0.21293569,0.0014459346
S1358,0.012102188,0.01938956,0.025642354,0.41669092,0.0016166345,0.017729305,0.011806777,0.004904598,0.6660107,0.003544583
S1359,0.9158779,0.86202365,0.002700615,0.97955805,0.0017342822,0.9030763,0.9471686,0.9519839,0.9224911,0.0024664234
S1360,0.056683227,0.14830998,0.0036003734,0.07092654,0.0007256129,0.065508805,0.015594931,0.21616875,0.11623844,0.002051786
S1361,0.018441927,0.02086583,0.02091982,0.038766365,0.0007916926,0.014660527,0.014096446,0.30607262,0.121630155,0.0027805257
S1362,0.014825289,0.013156322,0.12552004,0.024227193,0.0007659573,0.013002885,0.011285328,0.11872823,0.047935814,0.001925378
S1363,0.022863103,0.007198987,0.08090597,0.08380588,0.00086583657,0.010760364,0.02441465,0.2767857,0.04374276,0.010657186
S1364,0.010432009,0.08161782,0.22335659,0.03950681,0.0014890387,0.013441634,0.014421193,0.09546789,0.053709343,0.018485766
S1365,0.0244695,0.08791834,0.0025177917,0.14118826,0.0011394059,0.11543463,0.35808146,0.008293025,0.17897186,0.0018838671
S1366,0.03332978,0.45404807,0.008041296,0.031163946,0.009371261,0.02506321,0.033529714,0.043882344,0.28024232,0.0023192116
S1367,0.003312585,0.12073408,0.026626863,0.18842824,0.0016166345,0.0077014277,0.03300755,0.0056793275,0.16449149,0.0026825313
S1368,0.005604179,0.014339302,0.036400434,0.010993463,0.0015343766,0.020352785,0.030255944,0.0059047844,0.8662178,0.0026234551
S1369,0.010833227,0.03499384,0.026950793,0.016733442,0.0033923502,0.05721817,0.12764525,0.014352483,0.18216042,0.00292448
S1370,0.010148339,0.017584633,0.023573384,0.6898937,0.0016166345,0.040716294,0.46742016,0.0045456477,0.23227009,0.0028700093
S1371,0.007146317,0.1000338,0.018464167,0.021395683,0.0029668983,0.0122357765,0.0038810573,0.005854166,0.42086005,0.0040485696
S1372,0.0035884515,0.054063704,0.11106141,0.040886328,0.0007870267,0.0119846035,0.020271067,0.07464158,0.016275568,0.011108213
S1373,0.0035051021,0.029941821,0.024045965,0.14973474,0.0018638453,0.013367481,0.02605016,0.0027826433,0.11495658,0.0030935954
S1374,0.071084626,0.039432395,0.0050213025,0.06759115,0.0007916926,0.07485427,0.016053451,0.0755279,0.05018632,0.0023608285
S1375,0.01388006,0.017332291,0.012591184,0.07726977,0.0007256129,0.06352924,0.019525938,0.16980642,0.07579761,0.003756427
S1376,0.005793618,0.04686871,0.07362339,0.056144673,0.0011394059,0.028034313,0.3048295,0.0051988885,0.68355066,0.0032097446
S1377,0.007902516,0.015612891,0.3254556,0.18490635,0.0016090217,0.2168957,0.41554078,0.004234158,0.05662378,0.003592295
S1378,0.003573284,0.009832144,0.027728785,0.038007624,0.0017342822,0.0036613178,0.09044844,0.0027720737,0.5464019,0.0032215149
S1379,0.0037499997,0.14259069,0.012690411,0.03856301,0.0025093094,0.010518957,0.14546572,0.0030149482,0.1184195,0.00365417
S1380,0.024409808,0.008749891,0.005969489,0.020088438,0.0006598897,0.093547374,0.01190601,0.032925062,0.061450783,0.0013133354
S1381,0.21958484,0.12378093,0.022772485,0.15354969,0.0011394059,0.08390122,0.17931524,0.009715888,0.5333056,0.0020426977
S1382,0.01477963,0.029112156,0.032077912,0.010770927,0.00317225,0.026867468,0.045896772,0.01657829,0.3061389,0.0031903805
S1383,0.006701428,0.02261524,0.03660194,0.55322605,0.0018186347,0.036011495,0.48780653,0.014283874,0.16419545,0.0022186043
S1384,0.006651687,0.0595786,0.0428907,0.04590599,0.0011394059,0.0079922695,0.076036595,0.003058471,0.19472474,0.0031350893
S1385,0.025770493,0.102874435,0.0194034,0.014159547,0.001180701,0.012785022,0.0076213186,0.23711093,0.030932434,0.00895512
S1386,0.0071750307,0.07117855,0.09103558,0.085491456,0.0015343766,0.013285504,0.027764417,0.003100077,0.35664752,0.0028700093
S1387,0.6088691,0.017190544,0.015656585,0.74039024,0.0015343766,0.30316198,0.24414735,0.21578147,0.91209817,0.003969328
S1388,0.8304805,0.10271464,0.006370838,0.5365501,0.0011394059,0.54420257,0.44661453,0.5408692,0.37371856,0.0021950472
S1389,0.03862857,0.0045652664,0.030446535,0.017268134,0.0006598897,0.01226972,0.015637916,0.051921126,0.06900626,0.004530739
S1390,0.051996227,0.0820691,0.07756384,0.080491684,0.0011394059,0.046880025,0.2072191,0.009303897,0.5876387,0.0043083527
S1391,0.0058599385,0.008984299,0.2598509,0.1378146,0.0016090217,0.15210894,0.68892366,0.005179585,0.06770675,0.002844589
S1392,0.015755001,0.05607176,0.18922727,0.02962544,0.0017958458,0.057899084,0.274035,0.04586522,0.16834493,0.006530306
S1393,0.016634522,0.012928418,0.0199875,0.06421661,0.000835708,0.028497383,0.018331604,0.087143116,0.020532157,0.0038874445
S1394,0.047961358,0.509224,0.005025554,0.019374507,0.009371261,0.029170452,0.009434432,0.059256177,0.45669338,0.0048214784
S1395,0.034377925,0.01829802,0.006312525,0.03325052,0.0006598897,0.018522788,0.015104395,0.057872962,0.07808508,0.0011629016
S1396,0.004571527,0.054650176,0.41546598,0.07719137,0.0011394059,0.021253852,0.25614363,0.0025021667,0.0620109,0.00336359
S1397,0.022978703,0.022961233,0.019239558,0.055954266,0.00078742247,0.017067533,0.040280163,0.16237237,0.032608934,0.0135941915
S1398,0.0368284,0.029749885,0.045200013,0.75320864,0.0011394059,0.07831187,0.57604784,0.017827151,0.17801754,0.0026923683
S1399,0.0054747085,0.04820785,0.03301549,0.23863907,0.0011394059,0.098076016,0.6548917,0.0050364602,0.16647352,0.001290737
S1400,0.7288047,0.08888462,0.021011068,0.85165745,0.0015343766,0.29926732,0.19443655,0.2232681,0.76900756,0.0038529728
S1401,0.08023846,0.17510948,0.005193087,0.041008037,0.005369486,0.03323757,0.02895217,0.05841836,0.43057045,0.0045459582
S1402,0.012561205,0.009725706,0.1285347,0.08322797,0.0015343766,0.031384185,0.14258707,0.0041564903,0.582084,0.00329356
S1403,0.008041483,0.009754138,0.0043933457,0.0099599855,0.0029913355,0.014076016,0.08043935,0.011105625,0.81742793,0.0020746626
S1404,0.011899593,0.57617027,0.020326337,0.17166999,0.0031975294,0.023497688,0.05106841,0.032089006,0.15605594,0.003247817
S1405,0.0046753013,0.011358602,0.015314377,0.029343037,0.0033727507,0.026047386,0.1991368,0.009843924,0.20327355,0.002520393
S1406,0.0052712755,0.006186757,0.009679742,0.006726508,0.005268461,0.010259336,0.0076251784,0.01365085,0.934877,0.0029168315
S1407,0.007403557,0.04411396,0.1275994,0.0097197695,0.0011119456,0.009406425,0.01252325,0.07781202,0.023858856,0.019440815
S1408,0.014005418,0.005824348,0.0031047608,0.03442156,0.0026917448,0.02265841,0.20298365,0.4455107,0.098081894,0.005031273
S1409,0.036685538,0.011485253,0.0116042895,0.043295294,0.0007256129,0.022038959,0.027796628,0.084925085,0.02316858,0.0037055695
S1410,0.711945,0.28894243,0.020537945,0.8986627,0.0011394059,0.1326532,0.5702504,0.4335756,0.66811734,0.0025097905
S1411,0.015669692,0.05357269,0.010544413,0.023578871,0.0053303316,0.03199543,0.05959862,0.023346735,0.39033142,0.004853853
S1412,0.009311323,0.032689836,0.026569191,0.18592983,0.0011394059,0.057629082,0.6791002,0.008143005,0.05722368,0.0028037026
S1413,0.08600449,0.024726346,0.018706683,0.26085296,0.0011394059,0.1444885,0.111526385,0.1844553,0.105031386,0.0016427985
S1414,0.036891934,0.0096512195,0.21381445,0.35215622,0.0015343766,0.12371162,0.84462774,0.04224668,0.28609332,0.0028547093
S1415,0.012591113,0.13914466,0.012481481,0.015902264,0.0035532129,0.04907988,0.07811871,0.017891789,0.09556867,0.002520393
S1416,0.091928,0.021881869,0.006869179,0.07244652,0.0007256129,0.015416358,0.030354917,0.13635017,0.013466724,0.0013521172
S1417,0.0040574465,0.057241626,0.06608385,0.10891548,0.0015343766,0.03993053,0.16335684,0.0036860611,0.4618892,0.0034958473
S1418,0.24290991,0.011591629,0.007940131,0.07487078,0.0007659573,0.01353183,0.021503827,0.06875684,0.038791597,0.0029801272
S1419,0.022469386,0.034559667,0.009358901,0.00613916,0.0069833533,0.021699863,0.017271113,0.048281245,0.6105439,0.002520393
S1420,0.19872373,0.021262143,0.062375437,0.8926673,0.0016166345,0.04010306,0.090229,0.0124699185,0.42067027,0.0028700093
S1421,0.017866535,0.0067591304,0.0110462615,0.0055140676,0.004144084,0.020929873,0.027662056,0.077282675,0.26837772,0.002495011
S1422,0.15586488,0.019726032,0.0046626325,0.11678469,0.0006598897,0.013964052,0.025138646,0.29925027,0.056559816,0.0014866181
S1423,0.0070454106,0.019520877,0.13063873,0.019676179,0.0007870267,0.011885109,0.013194549,0.05579995,0.01755187,0.017249227
S1424,0.050102714,0.1862767,0.020960707,0.16954973,0.0017342822,0.75084406,0.10259998,0.16802092,0.08842251,0.0024664234
S1425,0.014879445,0.027554855,0.046259977,0.030990412,0.0034419354,0.010299528,0.22089593,0.04549452,0.3775293,0.0055635767
S1426,0.049989246,0.023759162,0.30495256,0.0049768616,0.0019275133,0.01046426,0.03836914,0.0072583165,0.44017255,0.002750234
S1427,0.00764404,0.042157046,0.2205659,0.039172344,0.0007870267,0.011885109,0.017636953,0.06674103,0.057643123,0.0046805604
S1428,0.3225533,0.012486465,0.020166645,0.2422081,0.0007659573,0.044832923,0.016648771,0.10687158,0.07470182,0.005483621
S1429,0.015560169,0.010162826,0.010550225,0.016481379,0.0006598897,0.018499998,0.023859583,0.025496507,0.054064255,0.001200667
S1430,0.004294767,0.049339,0.047178026,0.044091634,0.0011394059,0.014494558,0.3058086,0.0057246583,0.51110685,0.0030823366
S1431,0.006753643,0.018013872,0.013429114,0.02492177,0.0018186347,0.011892442,0.09569388,0.009959347,0.8852006,0.0017147517
S1432,0.0067664497,0.03674988,0.045922805,0.1874164,0.0011394059,0.069046356,0.21621722,0.0049168873,0.09334422,0.0047791055
S1433,0.013210484,0.0644209,0.016748205,0.03339852,0.0046391194,0.027272917,0.0052922117,0.020106781,0.22388272,0.0037895653
S1434,0.35177478,0.17911136,0.017403757,0.034040254,0.0011394059,0.061435316,0.6260628,0.022658205,0.6335594,0.001998694
S1435,0.012831406,0.04512838,0.012061754,0.03476015,0.000835708,0.019915191,0.0114873545,0.0931435,0.030040758,0.0077385255
S1436,0.028091526,0.040682,0.005960896,0.14849637,0.0006598897,0.1229772,0.0559751,0.042069882,0.78513443,0.0038630941
S1437,0.0032405022,0.044460382,0.12239076,0.24543181,0.0018272375,0.0078048846,0.008887457,0.0075599384,0.68408114,0.003022639
S1438,0.010069338,0.08710635,0.25448012,0.05162326,0.0014890387,0.01255025,0.017723128,0.16579838,0.063923046,0.017956428
S1439,0.017360616,0.10552402,0.0145000145,0.030994458,0.0053303316,0.06240264,0.008312028,0.04977576,0.58247143,0.004217268
S1440,0.18280503,0.016457459,0.0102940565,0.73296106,0.002106585,0.08641779,0.06484981,0.017186364,0.42773,0.0031206314
S1441,0.0045998814,0.007343629,0.08039552,0.17607297,0.0015343766,0.07499764,0.47927356,0.008574834,0.32022962,0.003163897
S1442,0.008176579,0.0904148,0.011369344,0.14721504,0.0013569826,0.031936273,0.22323482,0.0047283918,0.26327056,0.0031781588
S1443,0.24721162,0.00900722,0.01652066,0.15155159,0.0007256129,0.053530734,0.010557485,0.097354144,0.033349957,0.0014834158
S1444,0.0025090815,0.049818415,0.07825354,0.19124858,0.0013569826,0.0077730925,0.007024975,0.0059524397,0.6413394,0.0032175162
S1445,0.032261748,0.01180305,0.021731332,0.05010928,0.000835708,0.029966068,0.0138423145,0.3389741,0.09000034,0.0026366499
S1446,0.023819607,0.034548502,0.006234304,0.12886225,0.0007256129,0.08720472,0.03224736,0.07932526,0.015373799,0.005094472
S1447,0.0044095814,0.05291438,0.02526211,0.117723115,0.0011394059,0.03130431,0.3643125,0.0049970755,0.10043031,0.0026752786
S1448,0.00880303,0.027012315,0.016865712,0.0046208426,0.003896658,0.009758233,0.009266231,0.013285121,0.9736849,0.0027217295
S1449,0.8053502,0.8731772,0.004353436,0.9383896,0.0017342822,0.6684888,0.9286028,0.6130592,0.8035798,0.0024664234
S1450,0.004327757,0.18016452,0.0028918048,0.053384542,0.0011394059,0.112397,0.29222485,0.0034425603,0.1404105,0.0014478086
S1451,0.027560076,0.66805345,0.015253012,0.02840733,0.004029987,0.026932703,0.01282483,0.021110652,0.66834193,0.0029048491
S1452,0.009365609,0.067356616,0.10324527,0.5046342,0.0011394059,0.09709087,0.12078474,0.007473443,0.467533,0.002556451
S1453,0.062642604,0.03658155,0.004923076,0.018703552,0.00074594835,0.008922754,0.020100897,0.121295154,0.13294548,0.00953724
S1454,0.008952594,0.008144011,0.5175056,0.018587403,0.0007213362,0.0115089305,0.024726363,0.054865528,0.02034679,0.010191136
S1455,0.0060204305,0.0133903045,0.06348935,0.5258539,0.0015343766,0.05030477,0.075906985,0.004073431,0.075894326,0.0028700093
S1456,0.016862595,0.033086717,0.10519851,0.035792813,0.000835708,0.024715178,0.026002571,0.12961066,0.030361962,0.0065103737
S1457,0.023216533,0.048420195,0.019359501,0.009703471,0.0023191697,0.013249909,0.022610908,0.017095707,0.08802469,0.0033242363
S1458,0.0069771004,0.021214139,0.011604157,0.08350983,0.0016166345,0.008587486,0.04875587,0.005775094,0.68582004,0.003530249
S1459,0.15411843,0.006819209,0.009259996,0.27011085,0.001673118,0.18157482,0.8867745,0.010448853,0.041840643,0.002956768
S1460,0.0075459057,0.022759622,0.04269888,0.110362954,0.0013569826,0.0074251313,0.06213588,0.008519427,0.34949872,0.0031169904
S1461,0.0046735196,0.11105398,0.06745154,0.6414261,0.0011394059,0.043259066,0.331354,0.009869543,0.3789259,0.0017710616
S1462,0.027790586,0.011458125,0.39209267,0.014944775,0.0007659573,0.00749256,0.00839033,0.0948772,0.08263992,0.0020293226
S1463,0.006541815,0.05497642,0.023611708,0.022422567,0.0011394059,0.048684455,0.42363986,0.0034744232,0.40644088,0.0017263201
S1464,0.007251551,0.01559695,0.019310258,0.011222734,0.0018186347,0.017699037,0.029229773,0.0061067007,0.83149153,0.0022594377
S1465,0.7921913,0.025438784,0.049346495,0.030555265,0.0011394059,0.12224113,0.06782806,0.01731962,0.050046716,0.0015645594
S1466,0.0035675194,0.041754004,0.051577218,0.057665825,0.0011394059,0.027318643,0.6892123,0.0045792363,0.05620759,0.0029062014
S1467,0.010814632,0.16657577,0.008007815,0.025398776,0.0035756768,0.011588626,0.014308366,0.032964073,0.48679882,0.003686891
S1468,0.022838678,0.0033768243,0.012250048,0.273643,0.0007256129,0.087512955,0.031881787,0.0636272,0.019815639,0.0017468651
S1469,0.004370064,0.053111862,0.090850584,0.044348594,0.0011394059,0.06427348,0.56481785,0.0045062876,0.115915395,0.0040588845
S1470,0.010298702,0.050102253,0.0077175,0.49946353,0.0019161025,0.0113922255,0.006245502,0.06910322,0.77690667,0.003264705
S1471,0.010729791,0.009806988,0.012044084,0.036885012,0.0033727507,0.031581696,0.17173283,0.009581076,0.25532857,0.0021745015
S1472,0.0033903746,0.06765484,0.03264272,0.043441437,0.0012005148,0.009433068,0.06433209,0.005406377,0.13351253,0.005569592
S1473,0.00611616,0.013319476,0.011939602,0.023378648,0.0038027994,0.01189038,0.024431936,0.022171922,0.30701956,0.0023967104
S1474,0.004863735,0.10136834,0.026888737,0.022531353,0.0016166345,0.015509581,0.021375407,0.0049634273,0.1373485,0.0050494396
S1475,0.011802944,0.102758095,0.0043076854,0.010416392,0.0006598897,0.04962743,0.023311235,0.015536105,0.15533756,0.0017543739
S1476,0.03379736,0.04889746,0.019704713,0.26493037,0.0036753507,0.06973132,0.13820148,0.033055797,0.13473743,0.0023736288
S1477,0.0041672853,0.0101571325,0.0064129727,0.015733432,0.002822535,0.00951767,0.11213572,0.004849527,0.52430004,0.0024814338
S1478,0.00893953,0.044910807,0.00856158,0.00784458,0.0033528127,0.010903485,0.012541767,0.011999095,0.5093369,0.0033703665
S1479,0.015911438,0.013178292,0.06975699,0.026725141,0.0007256129,0.027510924,0.014209095,0.053159315,0.015871326,0.005977666
S1480,0.029395152,0.05555159,0.011525292,0.06323634,0.0006598897,0.06793029,0.015515582,0.015494386,0.16983986,0.0013191176
S1481,0.010661927,0.04311017,0.04497821,0.18868454,0.0012005148,0.019554235,0.11474753,0.008787694,0.13994505,0.0044028144
S1482,0.047294706,0.098144256,0.07704704,0.5026272,0.0011394059,0.057739977,0.12997116,0.009173917,0.30083326,0.002956768
S1483,0.0043596514,0.050551128,0.013708038,0.076176226,0.0011394059,0.017766314,0.501327,0.0035467714,0.1627986,0.0023858186
S1484,0.004395359,0.008447376,0.09342932,0.011687935,0.0015343766,0.014707323,0.09042632,0.0029365234,0.50607383,0.0024140382
S1485,0.009818923,0.013881679,0.0041265404,0.025497502,0.0040339776,0.0074841464,0.005415209,0.017173199,0.9694397,0.0034106094
S1486,0.01324835,0.07291345,0.25114807,0.05639021,0.0053846776,0.057868715,0.3091107,0.0650502,0.08596971,0.0072559225
S1487,0.008552365,0.09600521,0.011839607,0.79368573,0.0015343766,0.033159178,0.12341273,0.003772554,0.46262178,0.0028700093
S1488,0.008613996,0.009864451,0.00745302,0.08870141,0.0047747535,0.020537838,0.010194441,0.01434437,0.38574392,0.0026304938
S1489,0.07076159,0.019525034,0.41210264,0.3789658,0.0015343766,0.22258063,0.72259253,0.032134015,0.07877576,0.002956768
S1490,0.032514397,0.095771834,0.005051718,0.07329409,0.0007256129,0.012104387,0.014744253,0.1535857,0.14143433,0.0058549624
S1491,0.008356446,0.027720977,0.11014195,0.05627176,0.0011394059,0.06310027,0.11859274,0.005596648,0.14576371,0.0074027125
S1492,0.32473645,0.037897155,0.025236186,0.1270529,0.0011394059,0.10242341,0.25263575,0.041229904,0.20622014,0.0015435861
S1493,0.004078446,0.006584573,0.014138137,0.009009141,0.0024975035,0.013258444,0.048671592,0.0041503017,0.7301251,0.003044736
S1494,0.006583064,0.021629531,0.014808048,0.81649876,0.0011394059,0.025206037,0.06402727,0.0039022593,0.35349345,0.0028700093
S1495,0.0917065,0.10967326,0.009694444,0.2821841,0.009371261,0.17774488,0.081801035,0.14662765,0.150496,0.012103259
S1496,0.0029093288,0.029411145,0.011065333,0.22777914,0.0012005148,0.022312138,0.02412244,0.0059119905,0.08225438,0.0030028338
S1497,0.006686225,0.03351426,0.06378701,0.08337073,0.0011394059,0.07113833,0.23538227,0.00480537,0.094500855,0.0050581763
S1498,0.014475412,0.07145796,0.2520017,0.031808756,0.0017958458,0.057899084,0.28925923,0.041233826,0.08033626,0.0072559225
S1499,0.0072053904,0.00723712,0.20291966,0.28627428,0.0015343766,0.14794469,0.38413993,0.005227242,0.3710591,0.0035376875
S1500,0.058008555,0.044093646,0.076968186,0.071282834,0.0046278792,0.016633095,0.39088443,0.019841278,0.30117756,0.005720244
S1501,0.00663517,0.015286295,0.023005791,0.756268,0.0011394059,0.012696,0.064650014,0.002739106,0.46913433,0.0028700093
S1502,0.007055285,0.09741511,0.46595663,0.13763928,0.0007870267,0.011454485,0.011744279,0.11294068,0.022596793,0.011051623
S1503,0.018136892,0.020200381,0.039860394,0.0074357037,0.00317225,0.02197473,0.05319638,0.03975828,0.3362881,0.0031903805
S1504,0.017916312,0.010599508,0.18496127,0.046273388,0.0008442441,0.054821197,0.029198214,0.1344924,0.08785782,0.0036651867
S1505,0.07681899,0.04072,0.09435977,0.22150627,0.0011394059,0.08335582,0.12291361,0.011170044,0.12978509,0.0039802883
S1506,0.18284087,0.30361253,0.0052815867,0.08373832,0.002012695,0.030990075,0.098117165,0.0066806288,0.11295834,0.005773952
S1507,0.009152314,0.009383167,0.34338737,0.017707795,0.0008835483,0.011363434,0.07758775,0.01835592,0.15966387,0.008310649
S1508,0.07643808,0.22826532,0.08927941,0.11681391,0.008088059,0.36012542,0.075607,0.035244416,0.055467855,0.012914879
S1509,0.020260422,0.04317246,0.6172612,0.007375458,0.0014573011,0.013773681,0.15878473,0.019642176,0.03566287,0.006325127
S1510,0.049566176,0.25226462,0.01758078,0.029715704,0.001060509,0.06683733,0.024002014,0.01263018,0.042035587,0.0020326811
S1511,0.011876309,0.029653497,0.29638192,0.005201881,0.0013222402,0.006537992,0.09548385,0.039461304,0.045070376,0.002566067
S1512,0.1178026,0.22422583,0.0140783,0.030739825,0.001060509,0.059748683,0.07583081,0.016957896,0.06811278,0.0033710825
S1513,0.010448685,0.030049214,0.07960714,0.009395305,0.001060509,0.00874264,0.0587628,0.023121234,0.03112652,0.0035772028
S1514,0.007497161,0.031332143,0.38300794,0.0044953274,0.0010981811,0.0052121114,0.09786011,0.044671964,0.036168613,0.0025019504
S1515,0.01040767,0.026779402,0.3450556,0.0052173655,0.0010981811,0.006537992,0.09176795,0.045676604,0.032954827,0.0030240072
S1516,0.031895865,0.0069377576,0.046836123,0.018928107,0.0009381943,0.0081053525,0.15676187,0.0125053115,0.049990375,0.001689171
S1517,0.0150945885,0.038558554,0.3701387,0.0047984472,0.0010981811,0.006537992,0.105443135,0.043462593,0.03816818,0.0026270284
S1518,0.024110392,0.0037631767,0.27830356,0.008192353,0.0007415518,0.007101941,0.046009563,0.0056283143,0.005225192,0.0026069852
S1519,0.025316106,0.0066614556,0.60766524,0.022151282,0.001012904,0.026934728,0.17866527,0.045933012,0.09924999,0.007897676
S1520,0.021437816,0.034387294,0.61345094,0.004844598,0.0011975283,0.007901825,0.098244816,0.0301772,0.033397645,0.004597059
S1521,0.013278241,0.008268883,0.42826054,0.0064438274,0.0009381943,0.0104139885,0.031692002,0.03827474,0.033857238,0.00820825
S1522,0.0049817283,0.08674206,0.019943252,0.009975231,0.001060509,0.04217441,0.058650274,0.023863258,0.5689339,0.0012978171
S1523,0.099285096,0.72094494,0.014529919,0.00920182,0.0047745677,0.09860982,0.51175314,0.15976325,0.45979488,0.012313046
S1524,0.011249768,0.03416975,0.14129452,0.006257597,0.0010981811,0.00519005,0.09068369,0.008365875,0.01564287,0.0019610128
S1525,0.008503584,0.00716575,0.45315844,0.010744281,0.0006560001,0.010221233,0.024334418,0.03328844,0.026276924,0.0038052243
S1526,0.013191073,0.023063485,0.261244,0.01618609,0.0010981811,0.030106597,0.053868886,0.028643135,0.11504382,0.0019719077
S1527,0.08943126,0.24558926,0.17718053,0.044770185,0.0024286567,0.07204923,0.0428923,0.029829275,0.11408145,0.0018423183
S1528,0.0685938,0.017579807,0.037502415,0.01037707,0.0006965824,0.014481772,0.18951535,0.027907874,0.029882042,0.0024212294
S1529,0.022268819,0.034719218,0.048029218,0.010968098,0.0010981811,0.007888103,0.06636939,0.01178245,0.048878025,0.0014128556
S1530,0.050057348,0.05408552,0.041147847,0.015457318,0.0011660863,0.024616653,0.09681008,0.010952735,0.036020756,0.0022078499
S1531,0.12761563,0.037912212,0.024767188,0.026545504,0.0009381943,0.06387348,0.0580641,0.01383029,0.05550789,0.0017099369
S1532,0.10844167,0.22826532,0.05895675,0.111841686,0.008088059,0.60351163,0.09446704,0.038047377,0.05767799,0.012914879
S1533,0.010744728,0.053424075,0.27884197,0.004132757,0.0011975283,0.007906734,0.10226662,0.03668778,0.030787647,0.0029408154
S1534,0.007521039,0.052283674,0.34760615,0.0038356616,0.0010981811,0.007222759,0.10186474,0.014416057,0.032954827,0.0018339081
S1535,0.026313636,0.011423152,0.09283604,0.011875717,0.0006560001,0.011279918,0.015738025,0.020121392,0.054064546,0.0026333628
S1536,0.015524512,0.061225437,0.022545446,0.021869726,0.0011660863,0.028179837,0.071613386,0.02412829,0.06386847,0.0030848226
S1537,0.041212652,0.0055228625,0.6700129,0.027365312,0.0011349785,0.013102317,0.042116296,0.044824872,0.054945335,0.0033238744
S1538,0.031175686,0.031354025,0.08806535,0.038186025,0.001674082,0.106481045,0.09991638,0.031037828,0.18721923,0.0022917097
S1539,0.011387291,0.018070575,0.16957818,0.014298315,0.002749261,0.009704526,0.04596988,0.0151688345,0.038406275,0.0017250543
S1540,0.022928992,0.01575248,0.30993238,0.01601512,0.0006560001,0.013931072,0.020172464,0.045895394,0.07414038,0.003582561
S1541,0.2292505,0.07644684,0.032506853,0.028112326,0.0010046656,0.047916885,0.11903976,0.023990478,0.07135808,0.0031678411
S1542,0.01031782,0.042297658,0.41384163,0.0051002973,0.0011975283,0.007901825,0.09804673,0.048343036,0.034821246,0.0028290905
S1543,0.08045365,0.22826532,0.08927941,0.11681391,0.008088059,0.36012542,0.13522041,0.057221133,0.055467855,0.012914879
S1544,0.007656225,0.08342448,0.45634496,0.007413301,0.0010981811,0.006082528,0.07317164,0.03025996,0.12507735,0.0038541202
S1545,0.0054606446,0.024310343,0.024382863,0.016414693,0.0011660863,0.014435466,0.061757267,0.020889033,0.33480695,0.0017762926
S1546,0.010084887,0.029189918,0.43963096,0.0063263914,0.0013222402,0.0069773905,0.088352025,0.036307704,0.033397645,0.0045208717
S1547,0.010302931,0.023570163,0.16388844,0.006534431,0.0011975283,0.009018259,0.12084691,0.011004304,0.020620435,0.0077123567
S1548,0.051016603,0.04139025,0.02555447,0.029049324,0.00078742247,0.044715706,0.06148732,0.019115724,0.05741536,0.0022471114
S1549,0.012139064,0.027521268,0.6029522,0.0062207854,0.0014573011,0.007545406,0.0842336,0.042598274,0.03566287,0.0037847257
S1550,0.089222714,0.007137945,0.17138635,0.0046480806,0.0007581663,0.009373372,0.03816266,0.025222458,0.09583757,0.0034904229
S1551,0.0976152,0.08338625,0.058423527,0.01794697,0.0009381943,0.05555244,0.12709129,0.008458155,0.03894905,0.0016041824
S1552,0.20672609,0.25471243,0.012103476,0.031109639,0.0011660863,0.056637034,0.07073993,0.011646296,0.03132772,0.002326733
S1553,0.015534485,0.022083174,0.040493663,0.0053859674,0.0011660863,0.006927574,0.03950978,0.023607014,0.025338782,0.0025613836
S1554,0.027028963,0.0095214825,0.4757085,0.008115438,0.00095615955,0.024777424,0.019391479,0.03891612,0.08575379,0.0037581942
S1555,0.07451279,0.23197286,0.023061574,0.027220208,0.0011660863,0.0240585,0.06444266,0.01668932,0.022553066,0.0017834405
S1556,0.011427984,0.0327632,0.5659857,0.006319507,0.0011975283,0.010469471,0.15908043,0.021831417,0.03566287,0.0033053523
S1557,0.011481486,0.075144336,0.30850244,0.006626096,0.0011975283,0.0071173203,0.07328748,0.06883753,0.03970243,0.0026625723
S1558,0.11561098,0.368881,0.06000843,0.36502585,0.008584463,0.5785159,0.07274094,0.068606034,0.053673416,0.012914879
S1559,0.09310426,0.19328095,0.013687901,0.037977472,0.0010046656,0.11165156,0.093711875,0.010986389,0.033244237,0.0016030113
S1560,0.008758225,0.030390326,0.32300228,0.005588465,0.0011975283,0.0069773905,0.09333427,0.034622464,0.033397645,0.0032702924
S1561,0.024461305,0.02703445,0.02659054,0.012017328,0.001060509,0.01139287,0.08371107,0.010524854,0.055791836,0.0021902411
S1562,0.021907423,0.030390326,0.6292695,0.011236802,0.0014573011,0.010264115,0.12429683,0.026103819,0.033397645,0.0061680158
S1563,0.01002904,0.030669315,0.31185922,0.0051141633,0.0011975283,0.0075672935,0.08628242,0.041671086,0.030920865,0.0029602437
S1564,0.30713722,0.061111867,0.022369046,0.0098339645,0.00078742247,0.0075335638,0.1263017,0.010216747,0.04612299,0.0023585889
S1565,0.089351006,0.22826532,0.05390167,0.10849301,0.007329891,0.31741938,0.04359552,0.035879575,0.05767799,0.011342041
S1566,0.2027538,0.032937698,0.02816257,0.029591072,0.0016196157,0.063710384,0.08017032,0.006510984,0.0493846,0.0020232748
S1567,0.0061540855,0.025246115,0.09798744,0.018157689,0.001060509,0.010340135,0.08126276,0.013672395,0.25955045,0.0026188393
S1568,0.010249124,0.022560183,0.16570248,0.005269811,0.0010981811,0.0055811824,0.059266653,0.053692035,0.0215209,0.0024962183
S1569,0.08045365,0.22826532,0.08927941,0.11681391,0.008088059,0.47530648,0.13522041,0.06457828,0.055467855,0.011820737
